IP Address,Timestamp,Request,Status Code,Response Size,Referer,User Agent
14.49.42.25,12/May/2022:01:24:44 +0000,GET /articles/ppp-over-ssh/ HTTP/1.1,200,18586,-,Mozilla/5.0 (Windows; U; Windows NT 6.1; en-US; rv:1.9.2b1) Gecko/20091014 Firefox/3.6b1 GTB5
14.49.42.25,12/May/2022:01:24:15 +0000,GET /articles/openldap-with-saslauthd/ HTTP/1.1,200,12700,-,Mozilla/5.0 (Windows; U; Windows NT 6.1; en-US; rv:1.9.2b1) Gecko/20091014 Firefox/3.6b1 GTB5
14.49.42.25,12/May/2022:01:24:06 +0000,GET /articles/dynamic-dns-with-dhcp/ HTTP/1.1,200,18848,-,Mozilla/5.0 (Windows; U; Windows NT 6.1; en-US; rv:1.9.2b1) Gecko/20091014 Firefox/3.6b1 GTB5
14.49.42.25,12/May/2022:01:24:54 +0000,GET /articles/ssh-security/ HTTP/1.1,200,16543,-,Mozilla/5.0 (Windows; U; Windows NT 6.1; en-US; rv:1.9.2b1) Gecko/20091014 Firefox/3.6b1 GTB5
14.49.42.25,12/May/2022:01:25:25 +0000,GET /articles/week-of-unix-tools/ HTTP/1.1,200,9313,-,Mozilla/5.0 (Windows; U; Windows NT 6.1; en-US; rv:1.9.2b1) Gecko/20091014 Firefox/3.6b1 GTB5
14.49.42.25,12/May/2022:01:25:33 +0000,GET /blog/geekery/headless-wrapper-for-ephemeral-xservers.html HTTP/1.1,200,11902,-,Mozilla/5.0 (Windows; U; Windows NT 6.1; en-US; rv:1.9.2b1) Gecko/20091014 Firefox/3.6b1 GTB5
66.249.73.135,12/May/2022:01:25:58 +0000,GET /misc/nmh/replcomps HTTP/1.1,200,891,-,Mozilla/5.0 (compatible; Googlebot/2.1; +http://www.google.com/bot.html)
114.80.81.51,12/May/2022:01:26:10 +0000,GET /blog/geekery/xvfb-firefox.html HTTP/1.1,200,10975,-,Mozilla/5.0 (Windows; U; Windows NT 6.1; en-US; rv:1.9.2b1) Gecko/20091014 Firefox/3.6b1 GTB5
46.105.14.53,12/May/2022:01:26:18 +0000,GET /blog/tags/puppet?flav=rss20 HTTP/1.1,200,14872,-,UniversalFeedParser/4.2-pre-314-svn +http://feedparser.org/
61.55.141.10,12/May/2022:01:26:17 +0000,GET /blog/tags/boredom-induced-research HTTP/1.0,200,17808,-,Mozilla/5.0 (Windows; U; Windows NT 6.1; en-US; rv:1.9.2b1) Gecko/20091014 Firefox/3.6b1 GTB5
61.55.141.10,12/May/2022:01:26:11 +0000,GET /blog/geekery/xvfb-firefox.html HTTP/1.0,200,10975,-,Mozilla/5.0 (Windows; U; Windows NT 6.1; en-US; rv:1.9.2b1) Gecko/20091014 Firefox/3.6b1 GTB5
61.55.141.10,12/May/2022:01:26:27 +0000,GET /blog/tags/X11 HTTP/1.0,200,32742,-,Mozilla/5.0 (Windows; U; Windows NT 6.1; en-US; rv:1.9.2b1) Gecko/20091014 Firefox/3.6b1 GTB5
61.55.141.10,12/May/2022:01:26:20 +0000,GET /blog/tags/firefox HTTP/1.0,200,24781,-,Mozilla/5.0 (Windows; U; Windows NT 6.1; en-US; rv:1.9.2b1) Gecko/20091014 Firefox/3.6b1 GTB5
61.55.141.10,12/May/2022:01:26:32 +0000,GET /blog/tags/ideas HTTP/1.0,200,30011,-,Mozilla/5.0 (Windows; U; Windows NT 6.1; en-US; rv:1.9.2b1) Gecko/20091014 Firefox/3.6b1 GTB5
177.159.150.190,12/May/2022:01:28:05 +0000,GET /reset.css HTTP/1.1,200,1015,http://www.semicomplete.com/articles/dynamic-dns-with-dhcp/,Mozilla/5.0 (Windows NT 6.1; WOW64; rv:24.0) Gecko/20100101 Firefox/24.0
177.159.150.190,12/May/2022:01:28:05 +0000,GET /articles/dynamic-dns-with-dhcp/ HTTP/1.1,200,18848,"http://www.google.com.br/url?sa=t&rct=j&q=&esrc=s&source=web&cd=8&ved=0CHIQFjAH&url=http%3A%2F%2Fwww.semicomplete.com%2Farticles%2Fdynamic-dns-with-dhcp%2F&ei=NO0EU6KbNYK3sATlxoCYDw&usg=AFQjCNEF1X4Rs52UYQyLiySTQxa97ozM4g&bvm=bv.61535280,d.cWc&cad=rja",Mozilla/5.0 (Windows NT 6.1; WOW64; rv:24.0) Gecko/20100101 Firefox/24.0
177.159.150.190,12/May/2022:01:28:06 +0000,GET /favicon.ico HTTP/1.1,200,3638,-,Mozilla/5.0 (Windows NT 6.1; WOW64; rv:24.0) Gecko/20100101 Firefox/24.0
177.159.150.190,12/May/2022:01:28:05 +0000,GET /style2.css HTTP/1.1,200,4877,http://www.semicomplete.com/articles/dynamic-dns-with-dhcp/,Mozilla/5.0 (Windows NT 6.1; WOW64; rv:24.0) Gecko/20100101 Firefox/24.0
177.159.150.190,12/May/2022:01:28:06 +0000,GET /images/jordan-80.png HTTP/1.1,200,6146,http://www.semicomplete.com/articles/dynamic-dns-with-dhcp/,Mozilla/5.0 (Windows NT 6.1; WOW64; rv:24.0) Gecko/20100101 Firefox/24.0
177.159.150.190,12/May/2022:01:28:06 +0000,GET /images/web/2009/banner.png HTTP/1.1,200,52315,http://www.semicomplete.com/style2.css,Mozilla/5.0 (Windows NT 6.1; WOW64; rv:24.0) Gecko/20100101 Firefox/24.0
85.102.216.135,12/May/2022:01:24:04 +0000,GET /images/googledotcom.png HTTP/1.1,200,65748,http://www.google.com.tr/search?q=www.google.com&client=ms-android-samsung&hl=tr&v=133247963&biw=320&bih=201&tbm=isch&source=lnms&sa=X&ei=B_AEU66tHoLmywPH74L4Aw&ved=0CAgQ_AUoAA,"Mozilla/5.0 (Linux; U; Android 2.3.6; tr-tr; GT-S5360 Build/GINGERBREAD) AppleWebKit/533.1 (KHTML, like Gecko) Version/4.0 Mobile Safari/533.1"
198.23.134.146,12/May/2022:01:28:08 +0000,GET /blog/geekery/pyblosxom-mdate-vim-hack.html HTTP/1.1,200,10331,http://www.semicomplete.com/,Mozilla/5.0 (Macintosh; Intel Mac OS X 10.8; rv:22.0) Gecko/20100101 Firefox/22.0
137.108.145.40,12/May/2022:01:28:54 +0000,GET /?page=2 HTTP/1.1,200,36673,-,"Mozilla/5.0 (Windows NT 6.1) AppleWebKit/537.36 (KHTML, like Gecko) Chrome/32.0.1700.102 Safari/537.36"
198.23.134.146,12/May/2022:01:28:09 +0000,GET /blog/geekery/pyblosxom-mdate-vim-hack.html HTTP/1.1,200,10331,http://www.semicomplete.com/,Mozilla/5.0 (Macintosh; Intel Mac OS X 10.8; rv:22.0) Gecko/20100101 Firefox/22.0
125.213.206.180,12/May/2022:01:28:56 +0000,GET /style2.css HTTP/1.1,200,4877,http://www.semicomplete.com/projects/xdotool/,Mozilla/5.0 (Windows NT 6.3; WOW64; Trident/7.0; TNJB; rv:11.0) like Gecko
125.213.206.180,12/May/2022:01:28:55 +0000,GET /projects/xdotool/ HTTP/1.1,200,12292,http://search.findwide.com/serp?s=0&filter_level=1&k=fake+keyboard+activity&serpv=22&guid=%7B86AEFE6A-33BA-4E87-A452-FF971BEEB2B6%7D&campaign=&i=&pub=,Mozilla/5.0 (Windows NT 6.3; WOW64; Trident/7.0; TNJB; rv:11.0) like Gecko
125.213.206.180,12/May/2022:01:28:56 +0000,GET /reset.css HTTP/1.1,200,1015,http://www.semicomplete.com/projects/xdotool/,Mozilla/5.0 (Windows NT 6.3; WOW64; Trident/7.0; TNJB; rv:11.0) like Gecko
125.213.206.180,12/May/2022:01:28:55 +0000,GET /favicon.ico HTTP/1.1,200,3638,-,Mozilla/5.0 (Windows NT 6.3; Win64; x64; Trident/7.0; TNJB; rv:11.0) like Gecko
125.213.206.180,12/May/2022:01:28:56 +0000,GET /images/jordan-80.png HTTP/1.1,200,6146,http://www.semicomplete.com/projects/xdotool/,Mozilla/5.0 (Windows NT 6.3; WOW64; Trident/7.0; TNJB; rv:11.0) like Gecko
125.213.206.180,12/May/2022:01:28:57 +0000,GET /images/web/2009/banner.png HTTP/1.1,200,52315,http://www.semicomplete.com/projects/xdotool/,Mozilla/5.0 (Windows NT 6.3; WOW64; Trident/7.0; TNJB; rv:11.0) like Gecko
198.46.149.143,12/May/2022:01:29:06 +0000,GET /blog/geekery/disabling-battery-in-ubuntu-vms.html?utm_source=feedburner&utm_medium=feed&utm_campaign=Feed%3A+semicomplete%2Fmain+%28semicomplete.com+-+Jordan+Sissel%29 HTTP/1.1,200,9316,-,Tiny Tiny RSS/1.11 (http://tt-rss.org/)
198.46.149.143,12/May/2022:01:29:07 +0000,GET /blog/geekery/solving-good-or-bad-problems.html?utm_source=feedburner&utm_medium=feed&utm_campaign=Feed%3A+semicomplete%2Fmain+%28semicomplete.com+-+Jordan+Sissel%29 HTTP/1.1,200,10756,-,Tiny Tiny RSS/1.11 (http://tt-rss.org/)
199.58.86.206,12/May/2022:01:29:18 +0000,GET /presentations/logstash-scale11x/ HTTP/1.0,200,54239,-,Mozilla/5.0 (compatible; MJ12bot/v1.4.4; http://www.majestic12.co.uk/bot.php?+)
183.60.215.50,12/May/2022:01:29:52 +0000,GET /blog/tags/headless HTTP/1.1,200,11902,-,Mozilla/5.0 (compatible; EasouSpider; +http://www.easou.com/search/spider.html)
198.27.88.92,12/May/2022:01:29:22 +0000,GET /blog/tags/X11 HTTP/1.0,200,32742,http://www.semicomplete.com/blog/tags/X11,Mozilla/5.0 (Windows NT 6.1; rv:12.0) Gecko/20100101 Firefox/12.0
66.249.73.135,12/May/2022:01:30:01 +0000,GET /?page=43 HTTP/1.1,200,24763,-,"Mozilla/5.0 (iPhone; CPU iPhone OS 6_0 like Mac OS X) AppleWebKit/536.26 (KHTML, like Gecko) Version/6.0 Mobile/10A5376e Safari/8536.25 (compatible; Googlebot/2.1; +http://www.google.com/bot.html)"
216.54.49.242,12/May/2022:01:29:54 +0000,GET /images/googledotcom.png HTTP/1.0,200,65748,http://www.google.com/blank.html,Mozilla/5.0 (compatible; MSIE 9.0; Windows NT 6.1; WOW64; Trident/5.0)
5.10.83.82,12/May/2022:01:30:41 +0000,GET /blog/geekery/firewall-reset-for-testing.html HTTP/1.1,200,10395,-,Mozilla/5.0 (compatible; AhrefsBot/5.0; +http://ahrefs.com/robot/)
46.105.14.53,12/May/2022:01:31:19 +0000,GET /blog/tags/puppet?flav=rss20 HTTP/1.1,200,14872,-,UniversalFeedParser/4.2-pre-314-svn +http://feedparser.org/
100.43.83.137,12/May/2022:01:31:37 +0000,GET /blog/tags/deb HTTP/1.1,200,11275,-,Mozilla/5.0 (compatible; YandexBot/3.0; +http://yandex.com/bots)
183.60.214.19,12/May/2022:01:32:39 +0000,GET /projects/keynav HTTP/1.1,301,330,-,Mozilla/5.0 (compatible; EasouSpider; +http://www.easou.com/search/spider.html)
157.55.32.96,12/May/2022:01:31:30 +0000,GET /articles/openldap-with-saslauthd/ HTTP/1.1,200,12700,-,Mozilla/5.0 (compatible; bingbot/2.0; +http://www.bing.com/bingbot.htm)
83.252.13.79,12/May/2022:01:32:57 +0000,GET /favicon.ico HTTP/1.1,200,3638,-,Mozilla/5.0 (X11; Linux x86_64; rv:30.0) Gecko/20100101 Firefox/30.0
107.170.40.204,12/May/2022:01:33:19 +0000,GET /?flav=atom HTTP/1.1,200,32352,-,Feedbin - 1 subscribers
74.125.176.148,12/May/2022:01:33:34 +0000,GET /?flav=rss20 HTTP/1.1,200,29941,-,FeedBurner/1.0 (http://www.FeedBurner.com)
194.116.201.199,12/May/2022:01:33:12 +0000,GET /presentations/logstash-scale11x/images/logstash.png HTTP/1.1,200,47731,http://kufli.blogspot.ro/2013/07/log-analysis-using-logstash.html,"Mozilla/5.0 (Macintosh; Intel Mac OS X 10_9_1) AppleWebKit/537.36 (KHTML, like Gecko) Chrome/32.0.1700.107 Safari/537.36"
183.60.213.105,12/May/2022:01:34:52 +0000,GET /blog/geekery/tf2-wine-linux-performance-tuning.html HTTP/1.1,200,10021,-,Mozilla/5.0 (compatible; EasouSpider; +http://www.easou.com/search/spider.html)
68.180.224.225,12/May/2022:01:34:26 +0000,GET /blog/geekery/year-in-review-2011.html HTTP/1.1,200,11118,-,Mozilla/5.0 (compatible; Yahoo! Slurp; http://help.yahoo.com/help/us/ysearch/slurp)
92.249.127.111,12/May/2022:01:36:05 +0000,GET /blog/geekery/ssl-latency.html HTTP/1.1,200,17147,http://www.artparquet.ru/,Mozilla/4.0 (compatible; MSIE 6.0; Windows NT 5.0; .NET CLR 1.0.3705; .NET CLR 1.1.4322)
92.249.127.111,12/May/2022:01:36:06 +0000,GET /blog/geekery/ssl-latency.html HTTP/1.1,200,17147,http://www.artparquet.ru/,Mozilla/4.0 (compatible; MSIE 6.0; Windows NT 5.0; .NET CLR 1.0.3705; .NET CLR 1.1.4322)
92.249.127.111,12/May/2022:01:36:05 +0000,GET /blog/geekery/ssl-latency.html HTTP/1.1,200,17147,http://www.artparquet.ru/,Mozilla/4.0 (compatible; MSIE 6.0; Windows NT 5.0; .NET CLR 1.0.3705; .NET CLR 1.1.4322)
46.105.14.53,12/May/2022:01:36:23 +0000,GET /blog/tags/puppet?flav=rss20 HTTP/1.1,200,14872,-,UniversalFeedParser/4.2-pre-314-svn +http://feedparser.org/
180.76.5.38,12/May/2022:01:36:26 +0000,GET /files/logstash/logstash-1.0.11-monolithic.jar HTTP/1.1,200,37853300,-,Mozilla/5.0 (compatible; Baiduspider/2.0; +http://www.baidu.com/search/spider.html)
188.92.75.244,12/May/2022:01:32:48 +0000,GET /blog/projects HTTP/1.0,200,54683,http://www.semicomplete.com/blog/projects,"Mozilla/5.0 (Windows NT 5.1) AppleWebKit/535.2 (KHTML, like Gecko) Chrome/15.0.874.121 Safari/535.2"
190.228.21.2,12/May/2022:01:36:41 +0000,GET /reset.css HTTP/1.1,200,1015,http://www.semicomplete.com/articles/dynamic-dns-with-dhcp/,Mozilla/5.0 (X11; Linux x86_64; rv:18.0) Gecko/20100101 Firefox/18.0 Iceweasel/18.0.2
190.228.21.2,12/May/2022:01:36:41 +0000,GET /style2.css HTTP/1.1,200,4877,http://www.semicomplete.com/articles/dynamic-dns-with-dhcp/,Mozilla/5.0 (X11; Linux x86_64; rv:18.0) Gecko/20100101 Firefox/18.0 Iceweasel/18.0.2
190.228.21.2,12/May/2022:01:36:40 +0000,GET /articles/dynamic-dns-with-dhcp/ HTTP/1.1,200,18848,http://ubuntuforums.org/showthread.php?t=1603912,Mozilla/5.0 (X11; Linux x86_64; rv:18.0) Gecko/20100101 Firefox/18.0 Iceweasel/18.0.2
190.228.21.2,12/May/2022:01:36:41 +0000,GET /favicon.ico HTTP/1.1,200,3638,-,Mozilla/5.0 (X11; Linux x86_64; rv:18.0) Gecko/20100101 Firefox/18.0 Iceweasel/18.0.2
209.85.238.199,12/May/2022:01:36:49 +0000,GET /blog/tags/firefox?flav=rss20 HTTP/1.1,200,16021,-,Feedfetcher-Google; (+http://www.google.com/feedfetcher.html; 3 subscribers; feed-id=14171215010336145331)
190.228.21.2,12/May/2022:01:36:41 +0000,GET /images/web/2009/banner.png HTTP/1.1,200,52315,http://www.semicomplete.com/style2.css,Mozilla/5.0 (X11; Linux x86_64; rv:18.0) Gecko/20100101 Firefox/18.0 Iceweasel/18.0.2
66.249.73.135,12/May/2022:01:37:14 +0000,GET /blog/2007?page=9 HTTP/1.1,200,28937,-,"Mozilla/5.0 (iPhone; CPU iPhone OS 6_0 like Mac OS X) AppleWebKit/536.26 (KHTML, like Gecko) Version/6.0 Mobile/10A5376e Safari/8536.25 (compatible; Googlebot/2.1; +http://www.google.com/bot.html)"
66.249.73.135,12/May/2022:01:37:06 +0000,GET /blog/tags/firefox?flav=rss20 HTTP/1.1,200,16021,-,Mozilla/5.0 (compatible; Googlebot/2.1; +http://www.google.com/bot.html)
97.74.24.173,12/May/2022:01:36:55 +0000,GET /presentations/logstash-monitorama-2013/images/github-contributions.png HTTP/1.1,200,34245,-,Mozilla/4.0 (compatible; MSIE 6.0; Windows NT 5.2; SV1; .NET CLR 2.0.50727; InfoPath.1)
201.85.10.226,12/May/2022:01:37:32 +0000,GET /blog/geekery/grok-20091103.html HTTP/1.1,200,11940,https://www.google.com.br/,"Mozilla/5.0 (X11; Linux x86_64) AppleWebKit/537.36 (KHTML, like Gecko) Chrome/31.0.1650.57 Safari/537.36"
201.85.10.226,12/May/2022:01:37:33 +0000,GET /reset.css HTTP/1.1,200,1015,http://www.semicomplete.com/blog/geekery/grok-20091103.html,"Mozilla/5.0 (X11; Linux x86_64) AppleWebKit/537.36 (KHTML, like Gecko) Chrome/31.0.1650.57 Safari/537.36"
201.85.10.226,12/May/2022:01:37:33 +0000,GET /style2.css HTTP/1.1,200,4877,http://www.semicomplete.com/blog/geekery/grok-20091103.html,"Mozilla/5.0 (X11; Linux x86_64) AppleWebKit/537.36 (KHTML, like Gecko) Chrome/31.0.1650.57 Safari/537.36"
201.85.10.226,12/May/2022:01:37:33 +0000,GET /images/jordan-80.png HTTP/1.1,200,6146,http://www.semicomplete.com/blog/geekery/grok-20091103.html,"Mozilla/5.0 (X11; Linux x86_64) AppleWebKit/537.36 (KHTML, like Gecko) Chrome/31.0.1650.57 Safari/537.36"
201.85.10.226,12/May/2022:01:37:37 +0000,GET /favicon.ico HTTP/1.1,200,3638,-,"Mozilla/5.0 (X11; Linux x86_64) AppleWebKit/537.36 (KHTML, like Gecko) Chrome/31.0.1650.57 Safari/537.36"
201.85.10.226,12/May/2022:01:37:33 +0000,GET /images/web/2009/banner.png HTTP/1.1,200,52315,http://www.semicomplete.com/blog/geekery/grok-20091103.html,"Mozilla/5.0 (X11; Linux x86_64) AppleWebKit/537.36 (KHTML, like Gecko) Chrome/31.0.1650.57 Safari/537.36"
183.60.213.105,12/May/2022:01:39:18 +0000,GET /blog/geekery/jquery-formfill-v1.html HTTP/1.1,200,10279,-,Mozilla/5.0 (compatible; EasouSpider; +http://www.easou.com/search/spider.html)
79.161.22.161,12/May/2022:01:39:20 +0000,GET /articles/dynamic-dns-with-dhcp/ HTTP/1.1,200,18848,"http://www.google.com/url?sa=t&rct=j&q=&esrc=s&source=web&cd=1&ved=0CCkQFjAA&url=http%3A%2F%2Fwww.semicomplete.com%2Farticles%2Fdynamic-dns-with-dhcp%2F&ei=-NoEU5vxAeil4gSstoCYCQ&usg=AFQjCNEF1X4Rs52UYQyLiySTQxa97ozM4g&bvm=bv.61535280,d.bGE","Mozilla/5.0 (Macintosh; Intel Mac OS X 10_9_1) AppleWebKit/537.73.11 (KHTML, like Gecko) Version/7.0.1 Safari/537.73.11"
189.90.160.60,12/May/2022:01:40:08 +0000,GET /projects/xdotool/ HTTP/1.0,200,12292,"http://www.google.com.br/url?sa=t&rct=j&q=&esrc=s&source=web&cd=1&ved=0CC0QFjAA&url=http%3A%2F%2Fwww.semicomplete.com%2Fprojects%2Fxdotool%2F&ei=EvQEU5PPNIq8kQewpoCwAw&usg=AFQjCNE3V_aCf3-gfNcbS924S6jZ6FqffA&bvm=bv.61535280,d.eW0",Mozilla/5.0 (X11; Linux i686 on x86_64; rv:27.0) Gecko/20100101 Firefox/27.0
189.90.160.60,12/May/2022:01:40:08 +0000,GET /style2.css HTTP/1.0,200,4877,http://www.semicomplete.com/projects/xdotool/,Mozilla/5.0 (X11; Linux i686 on x86_64; rv:27.0) Gecko/20100101 Firefox/27.0
189.90.160.60,12/May/2022:01:40:08 +0000,GET /reset.css HTTP/1.0,200,1015,http://www.semicomplete.com/projects/xdotool/,Mozilla/5.0 (X11; Linux i686 on x86_64; rv:27.0) Gecko/20100101 Firefox/27.0
189.90.160.60,12/May/2022:01:40:08 +0000,GET /favicon.ico HTTP/1.0,200,3638,-,Mozilla/5.0 (X11; Linux i686 on x86_64; rv:27.0) Gecko/20100101 Firefox/27.0
189.90.160.60,12/May/2022:01:40:09 +0000,GET /images/jordan-80.png HTTP/1.0,200,6146,http://www.semicomplete.com/projects/xdotool/,Mozilla/5.0 (X11; Linux i686 on x86_64; rv:27.0) Gecko/20100101 Firefox/27.0
189.90.160.60,12/May/2022:01:40:09 +0000,GET /images/web/2009/banner.png HTTP/1.0,200,52315,http://www.semicomplete.com/style2.css,Mozilla/5.0 (X11; Linux i686 on x86_64; rv:27.0) Gecko/20100101 Firefox/27.0
46.105.14.53,12/May/2022:01:41:19 +0000,GET /blog/tags/puppet?flav=rss20 HTTP/1.1,200,14872,-,UniversalFeedParser/4.2-pre-314-svn +http://feedparser.org/
50.16.19.13,12/May/2022:01:40:23 +0000,GET /blog/tags/puppet?flav=rss20 HTTP/1.1,200,14872,http://www.semicomplete.com/blog/tags/puppet?flav=rss20,Tiny Tiny RSS/1.11 (http://tt-rss.org/)
183.60.214.19,12/May/2022:01:42:44 +0000,GET /scripts/python/wrap.backup/wrapexample.py HTTP/1.1,200,394,-,Mozilla/5.0 (compatible; EasouSpider; +http://www.easou.com/search/spider.html)
68.180.224.225,12/May/2022:01:43:47 +0000,GET /blog/geekery/keynav-20070627-released.html HTTP/1.1,200,8665,-,Mozilla/5.0 (compatible; Yahoo! Slurp; http://help.yahoo.com/help/us/ysearch/slurp)
208.91.156.11,12/May/2022:01:44:08 +0000,GET /files/logstash/logstash-1.3.2-monolithic.jar HTTP/1.1,404,324,-,Chef Client/10.18.2 (ruby-1.9.3-p327; ohai-6.16.0; x86_64-linux; +http://opscode.com)
66.249.73.135,12/May/2022:01:44:27 +0000,GET /blog/geekery/pyblosxom-sorted-tag-cloud-patch.html HTTP/1.1,200,8513,-,"Mozilla/5.0 (iPhone; CPU iPhone OS 6_0 like Mac OS X) AppleWebKit/536.26 (KHTML, like Gecko) Version/6.0 Mobile/10A5376e Safari/8536.25 (compatible; Googlebot/2.1; +http://www.google.com/bot.html)"
190.228.21.2,12/May/2022:01:36:41 +0000,GET /images/jordan-80.png HTTP/1.1,200,6146,http://www.semicomplete.com/articles/dynamic-dns-with-dhcp/,Mozilla/5.0 (X11; Linux x86_64; rv:18.0) Gecko/20100101 Firefox/18.0 Iceweasel/18.0.2
66.249.73.135,12/May/2022:01:45:14 +0000,GET / HTTP/1.1,200,37932,-,Mozilla/5.0 (compatible; Googlebot/2.1; +http://www.google.com/bot.html)
84.39.213.21,12/May/2022:01:46:12 +0000,GET /projects/xdotool/ HTTP/1.1,200,12292,"http://www.google.si/url?sa=t&rct=j&q=&esrc=s&source=web&cd=1&ved=0CCcQFjAA&url=http%3A%2F%2Fwww.semicomplete.com%2Fprojects%2Fxdotool%2F&ei=ffUEU-rSHMH9ygPvuYJQ&usg=AFQjCNE3V_aCf3-gfNcbS924S6jZ6FqffA&sig2=Zk7G7yfBs11h0-HwvqTafw&bvm=bv.61535280,d.bGQ&cad=rjt",Mozilla/5.0 (Windows NT 5.1; rv:27.0) Gecko/20100101 Firefox/27.0
84.39.213.21,12/May/2022:01:46:12 +0000,GET /reset.css HTTP/1.1,200,1015,http://www.semicomplete.com/projects/xdotool/,Mozilla/5.0 (Windows NT 5.1; rv:27.0) Gecko/20100101 Firefox/27.0
84.39.213.21,12/May/2022:01:46:12 +0000,GET /favicon.ico HTTP/1.1,200,3638,-,Mozilla/5.0 (Windows NT 5.1; rv:27.0) Gecko/20100101 Firefox/27.0
84.39.213.21,12/May/2022:01:46:12 +0000,GET /style2.css HTTP/1.1,200,4877,http://www.semicomplete.com/projects/xdotool/,Mozilla/5.0 (Windows NT 5.1; rv:27.0) Gecko/20100101 Firefox/27.0
84.39.213.21,12/May/2022:01:46:13 +0000,GET /images/jordan-80.png HTTP/1.1,200,6146,http://www.semicomplete.com/projects/xdotool/,Mozilla/5.0 (Windows NT 5.1; rv:27.0) Gecko/20100101 Firefox/27.0
84.39.213.21,12/May/2022:01:46:13 +0000,GET /images/web/2009/banner.png HTTP/1.1,200,52315,http://www.semicomplete.com/style2.css,Mozilla/5.0 (Windows NT 5.1; rv:27.0) Gecko/20100101 Firefox/27.0
46.105.14.53,12/May/2022:01:46:24 +0000,GET /blog/tags/puppet?flav=rss20 HTTP/1.1,200,14872,-,UniversalFeedParser/4.2-pre-314-svn +http://feedparser.org/
188.134.34.26,12/May/2022:01:47:03 +0000,GET /articles/dynamic-dns-with-dhcp/ HTTP/1.1,200,18848,https://www.google.ru/,"Mozilla/5.0 (Windows NT 6.3; WOW64) AppleWebKit/537.36 (KHTML, like Gecko) Chrome/32.0.1700.107 Safari/537.36 OPR/19.0.1326.63"
188.134.34.26,12/May/2022:01:47:04 +0000,GET /images/jordan-80.png HTTP/1.1,200,6146,http://www.semicomplete.com/articles/dynamic-dns-with-dhcp/,"Mozilla/5.0 (Windows NT 6.3; WOW64) AppleWebKit/537.36 (KHTML, like Gecko) Chrome/32.0.1700.107 Safari/537.36 OPR/19.0.1326.63"
188.134.34.26,12/May/2022:01:47:04 +0000,GET /reset.css HTTP/1.1,200,1015,http://www.semicomplete.com/articles/dynamic-dns-with-dhcp/,"Mozilla/5.0 (Windows NT 6.3; WOW64) AppleWebKit/537.36 (KHTML, like Gecko) Chrome/32.0.1700.107 Safari/537.36 OPR/19.0.1326.63"
188.134.34.26,12/May/2022:01:47:04 +0000,GET /style2.css HTTP/1.1,200,4877,http://www.semicomplete.com/articles/dynamic-dns-with-dhcp/,"Mozilla/5.0 (Windows NT 6.3; WOW64) AppleWebKit/537.36 (KHTML, like Gecko) Chrome/32.0.1700.107 Safari/537.36 OPR/19.0.1326.63"
188.134.34.26,12/May/2022:01:47:05 +0000,GET /favicon.ico HTTP/1.1,200,3638,-,"Mozilla/5.0 (Windows NT 6.3; WOW64) AppleWebKit/537.36 (KHTML, like Gecko) Chrome/32.0.1700.107 Safari/537.36 OPR/19.0.1326.63"
188.134.34.26,12/May/2022:01:47:04 +0000,GET /images/web/2009/banner.png HTTP/1.1,200,52315,http://www.semicomplete.com/articles/dynamic-dns-with-dhcp/,"Mozilla/5.0 (Windows NT 6.3; WOW64) AppleWebKit/537.36 (KHTML, like Gecko) Chrome/32.0.1700.107 Safari/537.36 OPR/19.0.1326.63"
209.85.238.199,12/May/2022:01:48:36 +0000,GET /?flav=rss20 HTTP/1.1,200,29941,-,Feedfetcher-Google; (+http://www.google.com/feedfetcher.html; 22 subscribers; feed-id=8321906634162087507)
178.255.215.71,12/May/2022:01:48:43 +0000,GET /projects/pam_captcha HTTP/1.1,301,343,-,Mozilla/5.0 (compatible; Exabot/3.0; +http://www.exabot.com/go/robot)
5.10.83.53,12/May/2022:01:48:43 +0000,GET /files/blogposts/20070618/?C=M;O=A HTTP/1.1,200,958,-,Mozilla/5.0 (compatible; AhrefsBot/5.0; +http://ahrefs.com/robot/)
141.0.9.158,12/May/2022:01:48:03 +0000,GET /favicon.ico HTTP/1.1,200,3638,-,Opera/9.80 (J2ME/MIDP; Opera Mini/7.1.32052/34.1267; U; en) Presto/2.8.119 Version/11.10
178.255.215.71,12/May/2022:01:48:48 +0000,GET /projects/pam_captcha/ HTTP/1.1,200,10514,-,Mozilla/5.0 (compatible; Exabot/3.0; +http://www.exabot.com/go/robot)
74.125.176.151,12/May/2022:01:49:48 +0000,GET /?flav=rss20 HTTP/1.1,200,29941,-,FeedBurner/1.0 (http://www.FeedBurner.com)
78.230.246.16,12/May/2022:01:50:37 +0000,GET /presentations/logstash-monitorama-2013/ HTTP/1.1,200,34838,"http://www.google.fr/url?sa=t&rct=j&q=&esrc=s&source=web&cd=34&ved=0CEMQFjADOB4&url=http%3A%2F%2Fsemicomplete.com%2Fpresentations%2Flogstash-monitorama-2013%2F&ei=AvYEU66VIam70QXUzoCoCw&usg=AFQjCNHM_kxbprNps9eGBwEn4X52lzCakA&bvm=bv.61535280,d.d2k",Mozilla/5.0 (X11; Linux x86_64; rv:17.0) Gecko/20100101 Firefox/17.0
78.230.246.16,12/May/2022:01:50:38 +0000,GET /presentations/logstash-monitorama-2013/lib/css/zenburn.css HTTP/1.1,200,1791,http://semicomplete.com/presentations/logstash-monitorama-2013/,Mozilla/5.0 (X11; Linux x86_64; rv:17.0) Gecko/20100101 Firefox/17.0
78.230.246.16,12/May/2022:01:50:38 +0000,GET /presentations/logstash-monitorama-2013/css/theme/night-jls.css HTTP/1.1,200,3811,http://semicomplete.com/presentations/logstash-monitorama-2013/,Mozilla/5.0 (X11; Linux x86_64; rv:17.0) Gecko/20100101 Firefox/17.0
78.230.246.16,12/May/2022:01:50:38 +0000,GET /presentations/logstash-monitorama-2013/css/extra.css HTTP/1.1,200,1753,http://semicomplete.com/presentations/logstash-monitorama-2013/,Mozilla/5.0 (X11; Linux x86_64; rv:17.0) Gecko/20100101 Firefox/17.0
78.230.246.16,12/May/2022:01:50:38 +0000,GET /presentations/logstash-monitorama-2013/css/reveal.min.css HTTP/1.1,200,23581,http://semicomplete.com/presentations/logstash-monitorama-2013/,Mozilla/5.0 (X11; Linux x86_64; rv:17.0) Gecko/20100101 Firefox/17.0
78.230.246.16,12/May/2022:01:50:38 +0000,GET /presentations/logstash-monitorama-2013/images/github-contributions.png HTTP/1.1,200,34245,http://semicomplete.com/presentations/logstash-monitorama-2013/,Mozilla/5.0 (X11; Linux x86_64; rv:17.0) Gecko/20100101 Firefox/17.0
78.230.246.16,12/May/2022:01:50:38 +0000,GET /presentations/logstash-monitorama-2013/images/logstash.png HTTP/1.1,200,47731,http://semicomplete.com/presentations/logstash-monitorama-2013/,Mozilla/5.0 (X11; Linux x86_64; rv:17.0) Gecko/20100101 Firefox/17.0
78.230.246.16,12/May/2022:01:50:38 +0000,GET /presentations/logstash-monitorama-2013/css/fonts/OpenSans.css HTTP/1.1,200,863,http://semicomplete.com/presentations/logstash-monitorama-2013/css/theme/night-jls.css,Mozilla/5.0 (X11; Linux x86_64; rv:17.0) Gecko/20100101 Firefox/17.0
78.230.246.16,12/May/2022:01:50:38 +0000,GET /presentations/logstash-monitorama-2013/css/fonts/Roboto.css HTTP/1.1,200,357,http://semicomplete.com/presentations/logstash-monitorama-2013/css/theme/night-jls.css,Mozilla/5.0 (X11; Linux x86_64; rv:17.0) Gecko/20100101 Firefox/17.0
78.230.246.16,12/May/2022:01:50:38 +0000,GET /presentations/logstash-monitorama-2013/lib/js/head.min.js HTTP/1.1,200,3170,http://semicomplete.com/presentations/logstash-monitorama-2013/,Mozilla/5.0 (X11; Linux x86_64; rv:17.0) Gecko/20100101 Firefox/17.0
78.230.246.16,12/May/2022:01:50:38 +0000,GET /presentations/logstash-monitorama-2013/js/reveal.min.js HTTP/1.1,200,18091,http://semicomplete.com/presentations/logstash-monitorama-2013/,Mozilla/5.0 (X11; Linux x86_64; rv:17.0) Gecko/20100101 Firefox/17.0
78.230.246.16,12/May/2022:01:50:38 +0000,GET /presentations/logstash-monitorama-2013/css/print/paper.css HTTP/1.1,200,4254,http://semicomplete.com/presentations/logstash-monitorama-2013/,Mozilla/5.0 (X11; Linux x86_64; rv:17.0) Gecko/20100101 Firefox/17.0
78.230.246.16,12/May/2022:01:50:38 +0000,GET /presentations/logstash-monitorama-2013/images/kibana-dashboard3.png HTTP/1.1,200,171717,http://semicomplete.com/presentations/logstash-monitorama-2013/,Mozilla/5.0 (X11; Linux x86_64; rv:17.0) Gecko/20100101 Firefox/17.0
78.230.246.16,12/May/2022:01:50:38 +0000,GET /presentations/logstash-monitorama-2013/images/kibana-search.png HTTP/1.1,200,203023,http://semicomplete.com/presentations/logstash-monitorama-2013/,Mozilla/5.0 (X11; Linux x86_64; rv:17.0) Gecko/20100101 Firefox/17.0
78.230.246.16,12/May/2022:01:50:39 +0000,GET /presentations/logstash-monitorama-2013/images/frontend-response-codes.png HTTP/1.1,200,52878,http://semicomplete.com/presentations/logstash-monitorama-2013/,Mozilla/5.0 (X11; Linux x86_64; rv:17.0) Gecko/20100101 Firefox/17.0
83.139.110.254,11/May/2022:22:10:22 +0000,GET /presentations/logstash-scale11x/images/kibana-dashboard.png HTTP/1.1,200,321631,http://semicomplete.com/presentations/logstash-scale11x/,Mozilla/5.0 (Macintosh; Intel Mac OS X 10.8; rv:27.0) Gecko/20100101 Firefox/27.0
83.139.110.254,11/May/2022:22:10:21 +0000,GET /presentations/logstash-scale11x/images/simple-inputs.jpg HTTP/1.1,200,1045663,http://semicomplete.com/presentations/logstash-scale11x/,Mozilla/5.0 (Macintosh; Intel Mac OS X 10.8; rv:27.0) Gecko/20100101 Firefox/27.0
83.139.110.254,11/May/2022:22:10:27 +0000,GET /presentations/logstash-scale11x/images/nagios-sms6.png HTTP/1.1,200,82859,http://semicomplete.com/presentations/logstash-scale11x/,Mozilla/5.0 (Macintosh; Intel Mac OS X 10.8; rv:27.0) Gecko/20100101 Firefox/27.0
83.139.110.254,11/May/2022:22:10:28 +0000,GET /presentations/logstash-scale11x/images/xkcd-perlswing-many.png HTTP/1.1,200,100207,http://semicomplete.com/presentations/logstash-scale11x/,Mozilla/5.0 (Macintosh; Intel Mac OS X 10.8; rv:27.0) Gecko/20100101 Firefox/27.0
83.139.110.254,11/May/2022:22:10:21 +0000,GET /presentations/logstash-scale11x/images/tiered-redis-input-complete.jpg HTTP/1.1,200,1103268,http://semicomplete.com/presentations/logstash-scale11x/,Mozilla/5.0 (Macintosh; Intel Mac OS X 10.8; rv:27.0) Gecko/20100101 Firefox/27.0
83.139.110.254,11/May/2022:22:10:29 +0000,GET /presentations/logstash-scale11x/images/kibana-dashboard3.png HTTP/1.1,200,171717,http://semicomplete.com/presentations/logstash-scale11x/,Mozilla/5.0 (Macintosh; Intel Mac OS X 10.8; rv:27.0) Gecko/20100101 Firefox/27.0
83.139.110.254,11/May/2022:22:10:31 +0000,GET /presentations/logstash-scale11x/images/Dreamhost_logo.svg HTTP/1.1,200,2126,http://semicomplete.com/presentations/logstash-scale11x/,Mozilla/5.0 (Macintosh; Intel Mac OS X 10.8; rv:27.0) Gecko/20100101 Firefox/27.0
83.139.110.254,11/May/2022:22:10:31 +0000,GET /presentations/logstash-scale11x/images/nagios-sms5.png HTTP/1.1,200,78075,http://semicomplete.com/presentations/logstash-scale11x/,Mozilla/5.0 (Macintosh; Intel Mac OS X 10.8; rv:27.0) Gecko/20100101 Firefox/27.0
83.139.110.254,11/May/2022:22:10:25 +0000,GET /presentations/logstash-scale11x/images/tiered-outputs-to-inputs.jpg HTTP/1.1,200,1079983,http://semicomplete.com/presentations/logstash-scale11x/,Mozilla/5.0 (Macintosh; Intel Mac OS X 10.8; rv:27.0) Gecko/20100101 Firefox/27.0
83.139.110.254,11/May/2022:22:10:21 +0000,GET /presentations/logstash-scale11x/images/tiered-redis-input.jpg HTTP/1.1,200,1046727,http://semicomplete.com/presentations/logstash-scale11x/,Mozilla/5.0 (Macintosh; Intel Mac OS X 10.8; rv:27.0) Gecko/20100101 Firefox/27.0
83.139.110.254,11/May/2022:22:10:34 +0000,GET /presentations/logstash-scale11x/images/kibana-dashboard2.png HTTP/1.1,200,394967,http://semicomplete.com/presentations/logstash-scale11x/,Mozilla/5.0 (Macintosh; Intel Mac OS X 10.8; rv:27.0) Gecko/20100101 Firefox/27.0
83.139.110.254,11/May/2022:22:10:37 +0000,GET /presentations/logstash-scale11x/images/sad-medic.png HTTP/1.1,200,430406,http://semicomplete.com/presentations/logstash-scale11x/,Mozilla/5.0 (Macintosh; Intel Mac OS X 10.8; rv:27.0) Gecko/20100101 Firefox/27.0
83.139.110.254,11/May/2022:22:10:24 +0000,GET /presentations/logstash-scale11x/images/simple-inputs-filters.jpg HTTP/1.1,200,1114500,http://semicomplete.com/presentations/logstash-scale11x/,Mozilla/5.0 (Macintosh; Intel Mac OS X 10.8; rv:27.0) Gecko/20100101 Firefox/27.0
83.139.110.254,11/May/2022:22:10:32 +0000,GET /presentations/logstash-scale11x/images/kibana-search.png HTTP/1.1,200,203023,http://semicomplete.com/presentations/logstash-scale11x/,Mozilla/5.0 (Macintosh; Intel Mac OS X 10.8; rv:27.0) Gecko/20100101 Firefox/27.0
83.139.110.254,11/May/2022:22:10:32 +0000,GET /presentations/logstash-scale11x/images/simple-inputs-filters-outputs.jpg HTTP/1.1,200,1168622,http://semicomplete.com/presentations/logstash-scale11x/,Mozilla/5.0 (Macintosh; Intel Mac OS X 10.8; rv:27.0) Gecko/20100101 Firefox/27.0
83.139.110.254,11/May/2022:22:10:33 +0000,GET /presentations/logstash-scale11x/images/tiered-redis-output.jpg HTTP/1.1,200,1221927,http://semicomplete.com/presentations/logstash-scale11x/,Mozilla/5.0 (Macintosh; Intel Mac OS X 10.8; rv:27.0) Gecko/20100101 Firefox/27.0
83.139.110.254,11/May/2022:22:10:17 +0000,GET /presentations/logstash-scale11x/images/tiered-outputs-to-inputs-redis.jpg HTTP/1.1,200,2763364,http://semicomplete.com/presentations/logstash-scale11x/,Mozilla/5.0 (Macintosh; Intel Mac OS X 10.8; rv:27.0) Gecko/20100101 Firefox/27.0
66.249.73.135,11/May/2022:22:11:09 +0000,GET /blog/geekery/grok-pcre-predicates.html HTTP/1.1,200,8590,-,"Mozilla/5.0 (iPhone; CPU iPhone OS 6_0 like Mac OS X) AppleWebKit/536.26 (KHTML, like Gecko) Version/6.0 Mobile/10A5376e Safari/8536.25 (compatible; Googlebot/2.1; +http://www.google.com/bot.html)"
50.16.19.13,11/May/2022:22:11:17 +0000,GET /blog/tags/puppet?flav=rss20 HTTP/1.1,200,14872,http://www.semicomplete.com/blog/tags/puppet?flav=rss20,Tiny Tiny RSS/1.11 (http://tt-rss.org/)
46.105.14.53,11/May/2022:22:11:20 +0000,GET /blog/tags/puppet?flav=rss20 HTTP/1.1,200,14872,-,UniversalFeedParser/4.2-pre-314-svn +http://feedparser.org/
100.43.83.137,11/May/2022:22:12:09 +0000,GET /scripts/regexp-fu.pl HTTP/1.1,200,1314,-,Mozilla/5.0 (compatible; YandexBot/3.0; +http://yandex.com/bots)
5.10.83.98,11/May/2022:22:12:17 +0000,GET /files/xdotool/xdotool-2.20100601.2913.tar.gz HTTP/1.1,200,53073,-,Mozilla/5.0 (compatible; AhrefsBot/5.0; +http://ahrefs.com/robot/)
107.170.40.205,11/May/2022:22:11:29 +0000,GET /?flav=atom HTTP/1.1,200,32352,-,Feedbin - 1 subscribers
208.91.156.11,11/May/2022:22:12:35 +0000,GET /files/logstash/logstash-1.3.2-monolithic.jar HTTP/1.1,404,324,-,Chef Client/10.18.2 (ruby-1.9.3-p327; ohai-6.16.0; x86_64-linux; +http://opscode.com)
173.192.238.58,11/May/2022:22:13:14 +0000,GET /blog HTTP/1.1,200,37936,-,Mozilla/5.0 (X11; U; Linux x86_64; en-US; rv:1.9.0.19; aggregator:Spinn3r (Spinn3r 3.1); http://spinn3r.com/robot) Gecko/2010040121 Firefox/3.0.19
204.236.226.210,11/May/2022:22:13:02 +0000,GET /blog/tags/jquery%20mobile HTTP/1.0,200,9571,-,ia_archiver (+http://www.alexa.com/site/help/webmasters; crawler@alexa.com)
66.249.73.135,11/May/2022:22:13:22 +0000,GET /blog/geekery/grok-pattern-autodiscovery.html HTTP/1.1,200,12851,-,"Mozilla/5.0 (iPhone; CPU iPhone OS 6_0 like Mac OS X) AppleWebKit/536.26 (KHTML, like Gecko) Version/6.0 Mobile/10A5376e Safari/8536.25 (compatible; Googlebot/2.1; +http://www.google.com/bot.html)"
66.249.73.135,11/May/2022:22:13:31 +0000,GET /blog/tags/lotv HTTP/1.1,200,8890,-,"Mozilla/5.0 (iPhone; CPU iPhone OS 6_0 like Mac OS X) AppleWebKit/536.26 (KHTML, like Gecko) Version/6.0 Mobile/10A5376e Safari/8536.25 (compatible; Googlebot/2.1; +http://www.google.com/bot.html)"
37.130.227.133,11/May/2022:22:13:37 +0000,GET /favicon.ico HTTP/1.1,200,3638,-,Mozilla/5.0 (Windows NT 6.1; rv:24.0) Gecko/20100101 Firefox/24.0
37.130.227.133,11/May/2022:22:13:36 +0000,GET /reset.css HTTP/1.1,200,1015,http://www.semicomplete.com/projects/xdotool/,Mozilla/5.0 (Windows NT 6.1; rv:24.0) Gecko/20100101 Firefox/24.0
37.130.227.133,11/May/2022:22:13:36 +0000,GET /projects/xdotool/ HTTP/1.1,200,12292,-,Mozilla/5.0 (Windows NT 6.1; rv:24.0) Gecko/20100101 Firefox/24.0
37.130.227.133,11/May/2022:22:13:37 +0000,GET /style2.css HTTP/1.1,200,4877,http://www.semicomplete.com/projects/xdotool/,Mozilla/5.0 (Windows NT 6.1; rv:24.0) Gecko/20100101 Firefox/24.0
139.227.58.56,11/May/2022:22:12:38 +0000,GET /images/googledotcom.png HTTP/1.1,200,65748,http://www.semicomplete.com/blog/geekery/xvfb-firefox.html,Mozilla/5.0 (Windows NT 6.1; rv:27.0) Gecko/20100101 Firefox/27.0
37.130.227.133,11/May/2022:22:13:38 +0000,GET /images/jordan-80.png HTTP/1.1,200,6146,http://www.semicomplete.com/projects/xdotool/,Mozilla/5.0 (Windows NT 6.1; rv:24.0) Gecko/20100101 Firefox/24.0
139.227.58.56,11/May/2022:22:13:42 +0000,GET /blog/geekery/headless-wrapper-for-ephemeral-xservers.html HTTP/1.1,200,11902,http://www.semicomplete.com/blog/geekery/xvfb-firefox.html,Mozilla/5.0 (Windows NT 6.1; rv:27.0) Gecko/20100101 Firefox/27.0
37.130.227.133,11/May/2022:22:13:39 +0000,GET /images/web/2009/banner.png HTTP/1.1,200,52315,http://www.semicomplete.com/style2.css,Mozilla/5.0 (Windows NT 6.1; rv:24.0) Gecko/20100101 Firefox/24.0
37.130.227.133,11/May/2022:22:13:46 +0000,GET /favicon.ico HTTP/1.1,200,3638,-,Mozilla/5.0 (Windows NT 6.1; rv:24.0) Gecko/20100101 Firefox/24.0
170.148.132.135,11/May/2022:22:13:57 +0000,GET /favicon.ico HTTP/1.1,200,3638,-,Mozilla/4.0 (compatible; MSIE 8.0; Windows NT 6.1; WOW64; Trident/4.0; chromeframe/32.0.1700.107; SLCC2; .NET CLR 2.0.50727; .NET CLR 3.5.30729; .NET CLR 3.0.30729; .NET4.0C; .NET4.0E; MS-RTC LM 8; InfoPath.2; MS-RTC EA 2)
170.148.69.141,11/May/2022:22:13:56 +0000,GET /style2.css HTTP/1.1,200,4877,http://www.semicomplete.com/blog/geekery/ssl-latency.html,Mozilla/4.0 (compatible; MSIE 8.0; Windows NT 6.1; WOW64; Trident/4.0; chromeframe/32.0.1700.107; SLCC2; .NET CLR 2.0.50727; .NET CLR 3.5.30729; .NET CLR 3.0.30729; .NET4.0C; .NET4.0E; MS-RTC LM 8; InfoPath.2; MS-RTC EA 2)
170.148.69.141,11/May/2022:22:13:56 +0000,GET /reset.css HTTP/1.1,200,1015,http://www.semicomplete.com/blog/geekery/ssl-latency.html,Mozilla/4.0 (compatible; MSIE 8.0; Windows NT 6.1; WOW64; Trident/4.0; chromeframe/32.0.1700.107; SLCC2; .NET CLR 2.0.50727; .NET CLR 3.5.30729; .NET CLR 3.0.30729; .NET4.0C; .NET4.0E; MS-RTC LM 8; InfoPath.2; MS-RTC EA 2)
170.148.69.141,11/May/2022:22:13:55 +0000,GET /blog/geekery/ssl-latency.html HTTP/1.1,200,17147,"http://www.google.com/url?sa=t&rct=j&q=&esrc=s&frm=1&source=web&cd=10&ved=0CG0QFjAJ&url=http%3A%2F%2Fwww.semicomplete.com%2Fblog%2Fgeekery%2Fssl-latency.html&ei=esEEU5zjF8WrrAfE8oHYAg&usg=AFQjCNHw6zioJpizqX8Q0YpKKaF4zdCSEg&bvm=bv.61535280,d.bmk",Mozilla/4.0 (compatible; MSIE 8.0; Windows NT 6.1; WOW64; Trident/4.0; chromeframe/32.0.1700.107; SLCC2; .NET CLR 2.0.50727; .NET CLR 3.5.30729; .NET CLR 3.0.30729; .NET4.0C; .NET4.0E; MS-RTC LM 8; InfoPath.2; MS-RTC EA 2)
76.21.21.65,11/May/2022:22:15:08 +0000,GET /style2.css HTTP/1.1,200,4877,http://www.semicomplete.com/blog/tags/gnome%20sucks,Mozilla/5.0 (Windows NT 6.1; rv:10.0) Gecko/20100101 Firefox/10.0
76.21.21.65,11/May/2022:22:15:07 +0000,GET /reset.css HTTP/1.1,200,1015,http://www.semicomplete.com/blog/tags/gnome%20sucks,Mozilla/5.0 (Windows NT 6.1; rv:10.0) Gecko/20100101 Firefox/10.0
76.21.21.65,11/May/2022:22:15:07 +0000,GET /blog/tags/gnome%20sucks HTTP/1.1,200,10073,http://r.duckduckgo.com/l/?kh=-1&uddg=http%3A%2F%2Fwww.semicomplete.com%2Fblog%2Ftags%2Fgnome%2520sucks,Mozilla/5.0 (Windows NT 6.1; rv:10.0) Gecko/20100101 Firefox/10.0
76.21.21.65,11/May/2022:22:15:08 +0000,GET /favicon.ico HTTP/1.1,200,3638,-,Mozilla/5.0 (Windows NT 6.1; rv:10.0) Gecko/20100101 Firefox/10.0
76.21.21.65,11/May/2022:22:15:08 +0000,GET /images/jordan-80.png HTTP/1.1,200,6146,http://www.semicomplete.com/blog/tags/gnome%20sucks,Mozilla/5.0 (Windows NT 6.1; rv:10.0) Gecko/20100101 Firefox/10.0
76.21.21.65,11/May/2022:22:15:08 +0000,GET /images/web/2009/banner.png HTTP/1.1,200,52315,http://www.semicomplete.com/style2.css,Mozilla/5.0 (Windows NT 6.1; rv:10.0) Gecko/20100101 Firefox/10.0
63.223.125.246,11/May/2022:22:15:11 +0000,GET / HTTP/1.0,200,37932,http://www.semicomplete.com/,Mozilla/5.0 (Macintosh; Intel Mac OS X 10.8; rv:22.0) Gecko/20100101 Firefox/22.0
63.223.125.246,11/May/2022:22:15:11 +0000,GET /blog/geekery/installing-windows-8-consumer-preview.html HTTP/1.0,200,8948,http://www.semicomplete.com/,Mozilla/5.0 (Macintosh; Intel Mac OS X 10.8; rv:22.0) Gecko/20100101 Firefox/22.0
74.125.19.80,11/May/2022:22:15:54 +0000,GET /?flav=rss20 HTTP/1.1,200,29941,-,FeedBurner/1.0 (http://www.FeedBurner.com)
218.30.103.62,11/May/2022:22:15:38 +0000,GET /blog/geekery/comcast-dns-hijack-breaks-things.html HTTP/1.1,200,18095,-,Sogou web spider/4.0(+http://www.sogou.com/docs/help/webmasters.htm#07)
218.30.103.62,11/May/2022:22:15:55 +0000,GET /files/logstash HTTP/1.1,301,329,-,Sogou web spider/4.0(+http://www.sogou.com/docs/help/webmasters.htm#07)
218.30.103.62,11/May/2022:22:16:07 +0000,GET /blog/geekery/disabling-battery-in-ubuntu-vms.html HTTP/1.1,200,9316,-,Sogou web spider/4.0(+http://www.sogou.com/docs/help/webmasters.htm#07)
218.30.103.62,11/May/2022:22:16:22 +0000,GET /files/logstash/ HTTP/1.1,200,13316,-,Sogou web spider/4.0(+http://www.sogou.com/docs/help/webmasters.htm#07)
66.249.73.135,11/May/2022:22:16:31 +0000,GET /misc/nmh/mh_profile HTTP/1.1,200,625,-,Mozilla/5.0 (compatible; Googlebot/2.1; +http://www.google.com/bot.html)
46.105.14.53,11/May/2022:22:16:19 +0000,GET /blog/tags/puppet?flav=rss20 HTTP/1.1,200,14872,-,UniversalFeedParser/4.2-pre-314-svn +http://feedparser.org/
82.194.101.119,11/May/2022:22:16:47 +0000,GET /projects/xdotool/ HTTP/1.1,200,12292,http://computer.wer-weiss-was.de/linux/bash-tastendruck-simulieren,Mozilla/5.0 (X11; Ubuntu; Linux x86_64; rv:26.0) Gecko/20100101 Firefox/26.0
82.194.101.119,11/May/2022:22:16:47 +0000,GET /reset.css HTTP/1.1,200,1015,http://www.semicomplete.com/projects/xdotool/,Mozilla/5.0 (X11; Ubuntu; Linux x86_64; rv:26.0) Gecko/20100101 Firefox/26.0
82.194.101.119,11/May/2022:22:16:48 +0000,GET /favicon.ico HTTP/1.1,200,3638,-,Mozilla/5.0 (X11; Ubuntu; Linux x86_64; rv:26.0) Gecko/20100101 Firefox/26.0
82.194.101.119,11/May/2022:22:16:48 +0000,GET /images/web/2009/banner.png HTTP/1.1,200,52315,http://www.semicomplete.com/style2.css,Mozilla/5.0 (X11; Ubuntu; Linux x86_64; rv:26.0) Gecko/20100101 Firefox/26.0
82.194.101.119,11/May/2022:22:16:48 +0000,GET /images/jordan-80.png HTTP/1.1,200,6146,http://www.semicomplete.com/projects/xdotool/,Mozilla/5.0 (X11; Ubuntu; Linux x86_64; rv:26.0) Gecko/20100101 Firefox/26.0
82.194.101.119,11/May/2022:22:16:48 +0000,GET /style2.css HTTP/1.1,200,4877,http://www.semicomplete.com/projects/xdotool/,Mozilla/5.0 (X11; Ubuntu; Linux x86_64; rv:26.0) Gecko/20100101 Firefox/26.0
218.30.103.62,11/May/2022:22:16:48 +0000,GET /projects/xmlpresenter HTTP/1.1,301,344,-,Sogou web spider/4.0(+http://www.sogou.com/docs/help/webmasters.htm#07)
218.30.103.62,11/May/2022:22:17:00 +0000,GET /presentations/ HTTP/1.1,200,6221,-,Sogou web spider/4.0(+http://www.sogou.com/docs/help/webmasters.htm#07)
218.30.103.62,11/May/2022:22:17:12 +0000,GET /projects/xmlpresenter/ HTTP/1.1,200,11628,-,Sogou web spider/4.0(+http://www.sogou.com/docs/help/webmasters.htm#07)
82.194.101.119,11/May/2022:22:17:19 +0000,GET /projects/xdotool/ HTTP/1.1,200,12292,http://computer.wer-weiss-was.de/linux/bash-tastendruck-simulieren,Mozilla/5.0 (X11; Ubuntu; Linux x86_64; rv:26.0) Gecko/20100101 Firefox/26.0
199.21.99.102,11/May/2022:22:17:12 +0000,GET /geekery/find-that-lost-screen-session.html HTTP/1.1,404,326,-,Mozilla/5.0 (compatible; YandexBot/3.0; +http://yandex.com/bots)
218.30.103.62,11/May/2022:22:17:28 +0000,GET /projects/firefox-tabsearch/ HTTP/1.1,200,9661,-,Sogou web spider/4.0(+http://www.sogou.com/docs/help/webmasters.htm#07)
173.252.101.116,11/May/2022:22:17:37 +0000,GET /images/jordan-80.png HTTP/1.1,206,6146,-,facebookexternalhit/1.1 (+http://www.facebook.com/externalhit_uatext.php)
173.252.101.115,11/May/2022:22:17:37 +0000,GET /images/jordan-80.png HTTP/1.1,206,6146,http://www.semicomplete.com/blog/geekery/ubuntu-cron-silently-ignores-files.html,facebookexternalhit/1.1 (+http://www.facebook.com/externalhit_uatext.php)
173.252.101.116,11/May/2022:22:17:36 +0000,GET /blog/geekery/ubuntu-cron-silently-ignores-files.html HTTP/1.1,200,12168,-,facebookexternalhit/1.1 (+http://www.facebook.com/externalhit_uatext.php)
82.194.101.119,11/May/2022:22:17:45 +0000,GET /projects/xdotool/xdotool.xhtml HTTP/1.1,200,50112,http://www.semicomplete.com/projects/xdotool/,Mozilla/5.0 (X11; Ubuntu; Linux x86_64; rv:26.0) Gecko/20100101 Firefox/26.0
218.30.103.62,11/May/2022:22:17:40 +0000,GET /blog/geekery/ssl-latency HTTP/1.1,200,17147,-,Sogou web spider/4.0(+http://www.sogou.com/docs/help/webmasters.htm#07)
177.188.207.109,11/May/2022:22:17:37 +0000,GET /blog/geekery/ubuntu-cron-silently-ignores-files.html HTTP/1.1,200,12168,-,"Mozilla/5.0 (Macintosh; Intel Mac OS X 10_9_1) AppleWebKit/537.36 (KHTML, like Gecko) Chrome/32.0.1700.107 Safari/537.36"
173.252.102.117,11/May/2022:22:17:41 +0000,GET /images/jordan-80.png HTTP/1.1,206,6146,-,facebookexternalhit/1.1 (+http://www.facebook.com/externalhit_uatext.php)
133.236.2.124,11/May/2022:22:18:16 +0000,GET /reset.css HTTP/1.1,200,1015,http://www.semicomplete.com/projects/keynav/,Mozilla/5.0 (Windows NT 6.0; WOW64; rv:24.0) Gecko/20100101 Firefox/24.0
133.236.2.124,11/May/2022:22:18:16 +0000,GET /projects/keynav/ HTTP/1.1,200,18985,http://www.semicomplete.com/,Mozilla/5.0 (Windows NT 6.0; WOW64; rv:24.0) Gecko/20100101 Firefox/24.0
133.236.2.124,11/May/2022:22:18:16 +0000,GET /images/jordan-80.png HTTP/1.1,200,6146,http://www.semicomplete.com/projects/keynav/,Mozilla/5.0 (Windows NT 6.0; WOW64; rv:24.0) Gecko/20100101 Firefox/24.0
133.236.2.124,11/May/2022:22:18:16 +0000,GET /projects/keynav/demo-thumb.png HTTP/1.1,200,15141,http://www.semicomplete.com/projects/keynav/,Mozilla/5.0 (Windows NT 6.0; WOW64; rv:24.0) Gecko/20100101 Firefox/24.0
133.236.2.124,11/May/2022:22:18:17 +0000,GET /images/web/2009/banner.png HTTP/1.1,200,52315,http://www.semicomplete.com/style2.css,Mozilla/5.0 (Windows NT 6.0; WOW64; rv:24.0) Gecko/20100101 Firefox/24.0
133.236.2.124,11/May/2022:22:18:16 +0000,GET /style2.css HTTP/1.1,200,4877,http://www.semicomplete.com/projects/keynav/,Mozilla/5.0 (Windows NT 6.0; WOW64; rv:24.0) Gecko/20100101 Firefox/24.0
133.236.2.124,11/May/2022:22:19:23 +0000,GET /projects/keynav/keynav.html HTTP/1.1,200,191,http://www.semicomplete.com/projects/keynav/,Mozilla/5.0 (Windows NT 6.0; WOW64; rv:24.0) Gecko/20100101 Firefox/24.0
76.201.77.204,11/May/2022:22:19:07 +0000,GET /presentations/logstash-scale11x/images/ahhh___rage_face_by_samusmmx-d5g5zap.png HTTP/1.1,200,175208,https://www.google.com/,"Mozilla/5.0 (iPod; CPU iPhone OS 6_1_5 like Mac OS X) AppleWebKit/536.26 (KHTML, like Gecko) Version/6.0 Mobile/10B400 Safari/8536.25"
133.236.2.124,11/May/2022:22:19:24 +0000,GET /projects/keynav/keynav.swf HTTP/1.1,200,897956,http://www.semicomplete.com/projects/keynav/keynav.html,Mozilla/5.0 (Windows NT 6.0; WOW64; rv:24.0) Gecko/20100101 Firefox/24.0
185.26.140.221,11/May/2022:22:20:27 +0000,GET /blog/geekery/debugging-java-performance.html HTTP/1.1,200,15796,-,"Mozilla/5.0 (Linux; U; Android 4.3; it-it; Galaxy Nexus Build/JWR66Y) AppleWebKit/534.30 (KHTML, like Gecko) Version/4.0 Mobile Safari/534.30"
66.249.73.135,11/May/2022:22:21:09 +0000,GET /blog/tags/gzip HTTP/1.1,200,10544,-,"Mozilla/5.0 (iPhone; CPU iPhone OS 6_0 like Mac OS X) AppleWebKit/536.26 (KHTML, like Gecko) Version/6.0 Mobile/10A5376e Safari/8536.25 (compatible; Googlebot/2.1; +http://www.google.com/bot.html)"
84.14.55.13,11/May/2022:22:20:08 +0000,GET /presentations/logstash-scale11x/images/logstash.png HTTP/1.1,200,47731,http://kufli.blogspot.fr/2013/07/log-analysis-using-logstash.html,Mozilla/5.0 (Macintosh; Intel Mac OS X 10.9; rv:27.0) Gecko/20100101 Firefox/27.0
68.180.224.225,11/May/2022:22:21:10 +0000,GET /blog/tags/web HTTP/1.1,200,44019,-,Mozilla/5.0 (compatible; Yahoo! Slurp; http://help.yahoo.com/help/us/ysearch/slurp)
46.105.14.53,11/May/2022:22:21:22 +0000,GET /blog/tags/puppet?flav=rss20 HTTP/1.1,200,14872,-,UniversalFeedParser/4.2-pre-314-svn +http://feedparser.org/
133.236.2.124,11/May/2022:22:18:16 +0000,GET /favicon.ico HTTP/1.1,200,3638,-,Mozilla/5.0 (Windows NT 6.0; WOW64; rv:24.0) Gecko/20100101 Firefox/24.0
54.241.42.166,11/May/2022:22:21:22 +0000,GET /?flav=rss20 HTTP/1.1,200,29941,-,"Digg Feed Fetcher 1.0 (Mozilla/5.0 (Macintosh; Intel Mac OS X 10_7_1) AppleWebKit/534.48.3 (KHTML, like Gecko) Version/5.1 Safari/534.48.3)"
180.76.6.139,11/May/2022:22:21:26 +0000,GET /blog/geekery/xdo.html HTTP/1.1,200,10521,-,Mozilla/5.0 (compatible; Baiduspider/2.0; +http://www.baidu.com/search/spider.html)
70.194.143.83,11/May/2022:22:21:49 +0000,GET /favicon.ico HTTP/1.1,200,3638,-,Reeder/2.1.1 CFNetwork/672.0.8 Darwin/14.0.0
70.194.143.83,11/May/2022:22:21:49 +0000,GET / HTTP/1.1,200,37932,-,Reeder/2.1.1 CFNetwork/672.0.8 Darwin/14.0.0
5.10.83.65,11/May/2022:22:21:57 +0000,GET /blog/tags/code HTTP/1.1,200,14472,-,Mozilla/5.0 (compatible; AhrefsBot/5.0; +http://ahrefs.com/robot/)
91.2.127.35,11/May/2022:22:22:06 +0000,GET /style2.css HTTP/1.1,200,4877,http://www.semicomplete.com/projects/xdotool/,Mozilla/5.0 (X11; Ubuntu; Linux i686; rv:27.0) Gecko/20100101 Firefox/27.0
91.2.127.35,11/May/2022:22:22:06 +0000,GET /reset.css HTTP/1.1,200,1015,http://www.semicomplete.com/projects/xdotool/,Mozilla/5.0 (X11; Ubuntu; Linux i686; rv:27.0) Gecko/20100101 Firefox/27.0
91.2.127.35,11/May/2022:22:22:06 +0000,GET /favicon.ico HTTP/1.1,200,3638,-,Mozilla/5.0 (X11; Ubuntu; Linux i686; rv:27.0) Gecko/20100101 Firefox/27.0
91.2.127.35,11/May/2022:22:22:06 +0000,GET /projects/xdotool/ HTTP/1.1,200,12292,"http://www.google.de/url?sa=t&rct=j&q=&esrc=s&source=web&cd=2&ved=0CDUQFjAB&url=http%3A%2F%2Fwww.semicomplete.com%2Fprojects%2Fxdotool%2F&ei=p8UEU67pOYK0tAablYDwBg&usg=AFQjCNE3V_aCf3-gfNcbS924S6jZ6FqffA&bvm=bv.61535280,d.Yms",Mozilla/5.0 (X11; Ubuntu; Linux i686; rv:27.0) Gecko/20100101 Firefox/27.0
91.2.127.35,11/May/2022:22:22:06 +0000,GET /images/jordan-80.png HTTP/1.1,200,6146,http://www.semicomplete.com/projects/xdotool/,Mozilla/5.0 (X11; Ubuntu; Linux i686; rv:27.0) Gecko/20100101 Firefox/27.0
91.2.127.35,11/May/2022:22:22:06 +0000,GET /images/web/2009/banner.png HTTP/1.1,200,52315,http://www.semicomplete.com/style2.css,Mozilla/5.0 (X11; Ubuntu; Linux i686; rv:27.0) Gecko/20100101 Firefox/27.0
134.249.52.9,11/May/2022:22:23:01 +0000,GET /blog/geekery/ssl-latency.html HTTP/1.1,200,17147,http://www.swisstrade.ru/,Mozilla/4.0 (compatible; MSIE 5.5; Windows NT 5.0; .NET CLR 1.1.4322)
68.180.224.225,11/May/2022:22:23:06 +0000,GET /blog/geekery/squid-selenium-dance-party.html HTTP/1.1,200,9633,-,Mozilla/5.0 (compatible; Yahoo! Slurp; http://help.yahoo.com/help/us/ysearch/slurp)
134.249.52.9,11/May/2022:22:23:05 +0000,GET /blog/geekery/ssl-latency.html HTTP/1.1,200,17147,http://www.swisstrade.ru/,Mozilla/4.0 (compatible; MSIE 5.5; Windows NT 5.0; .NET CLR 1.1.4322)
134.249.52.9,11/May/2022:22:23:05 +0000,GET /blog/geekery/ssl-latency.html HTTP/1.1,200,17147,http://www.swisstrade.ru/,Mozilla/4.0 (compatible; MSIE 5.5; Windows NT 5.0; .NET CLR 1.1.4322)
66.249.73.135,11/May/2022:22:23:10 +0000,GET /articles/efficiency/ HTTP/1.1,200,36398,-,"Mozilla/5.0 (iPhone; CPU iPhone OS 6_0 like Mac OS X) AppleWebKit/536.26 (KHTML, like Gecko) Version/6.0 Mobile/10A5376e Safari/8536.25 (compatible; Googlebot/2.1; +http://www.google.com/bot.html)"
5.10.83.91,11/May/2022:22:23:42 +0000,GET /?page=12 HTTP/1.1,200,24693,-,Mozilla/5.0 (compatible; AhrefsBot/5.0; +http://ahrefs.com/robot/)
68.180.224.225,11/May/2022:22:23:28 +0000,GET /blog/tags/nosleep HTTP/1.1,200,11673,-,Mozilla/5.0 (compatible; Yahoo! Slurp; http://help.yahoo.com/help/us/ysearch/slurp)
31.216.3.62,11/May/2022:22:23:15 +0000,GET /presentations/logstash-scale11x/images/logstash.png HTTP/1.1,200,47731,http://kufli.blogspot.co.uk/2013/07/log-analysis-using-logstash.html,Mozilla/5.0 (X11; Ubuntu; Linux x86_64; rv:27.0) Gecko/20100101 Firefox/27.0
183.60.213.105,11/May/2022:22:23:50 +0000,GET /scripts/grok-py-test/ HTTP/1.1,200,2362,-,Mozilla/5.0 (compatible; EasouSpider; +http://www.easou.com/search/spider.html)
61.3.19.70,11/May/2022:22:24:13 +0000,GET /blog/geekery/disabling-battery-in-ubuntu-vms.html HTTP/1.1,200,9316,"http://www.google.co.in/url?sa=t&rct=j&q=&esrc=s&source=web&cd=5&cad=rja&sqi=2&ved=0CEYQFjAE&url=http%3A%2F%2Fwww.semicomplete.com%2Fblog%2Fgeekery%2Fdisabling-battery-in-ubuntu-vms.html&ei=G8YEU4KTAcSOrgfq2oD4BA&usg=AFQjCNGCtI7nRwy4M6vo_Nl_oqhG1IsXZg&bvm=bv.61535280,d.bmk",Mozilla/5.0 (X11; Ubuntu; Linux x86_64; rv:27.0) Gecko/20100101 Firefox/27.0
61.3.19.70,11/May/2022:22:24:13 +0000,GET /reset.css HTTP/1.1,200,1015,http://www.semicomplete.com/blog/geekery/disabling-battery-in-ubuntu-vms.html,Mozilla/5.0 (X11; Ubuntu; Linux x86_64; rv:27.0) Gecko/20100101 Firefox/27.0
61.3.19.70,11/May/2022:22:24:13 +0000,GET /style2.css HTTP/1.1,200,4877,http://www.semicomplete.com/blog/geekery/disabling-battery-in-ubuntu-vms.html,Mozilla/5.0 (X11; Ubuntu; Linux x86_64; rv:27.0) Gecko/20100101 Firefox/27.0
61.3.19.70,11/May/2022:22:24:14 +0000,GET /images/jordan-80.png HTTP/1.1,200,6146,http://www.semicomplete.com/blog/geekery/disabling-battery-in-ubuntu-vms.html,Mozilla/5.0 (X11; Ubuntu; Linux x86_64; rv:27.0) Gecko/20100101 Firefox/27.0
61.3.19.70,11/May/2022:22:24:14 +0000,GET /images/web/2009/banner.png HTTP/1.1,200,52315,http://www.semicomplete.com/style2.css,Mozilla/5.0 (X11; Ubuntu; Linux x86_64; rv:27.0) Gecko/20100101 Firefox/27.0
220.181.108.154,11/May/2022:21:39:20 +0000,GET / HTTP/1.1,200,36824,-,Mozilla/5.0 (compatible; Baiduspider/2.0; +http://www.baidu.com/search/spider.html)
66.249.73.135,11/May/2022:21:40:51 +0000,GET /blog/tags/jquery%20mobile HTTP/1.1,200,9571,-,"Mozilla/5.0 (iPhone; CPU iPhone OS 6_0 like Mac OS X) AppleWebKit/536.26 (KHTML, like Gecko) Version/6.0 Mobile/10A5376e Safari/8536.25 (compatible; Googlebot/2.1; +http://www.google.com/bot.html)"
89.111.232.226,11/May/2022:21:41:22 +0000,GET /favicon.ico HTTP/1.1,200,3638,-,Mozilla/5.0 (X11; Ubuntu; Linux x86_64; rv:27.0) Gecko/20100101 Firefox/27.0
46.105.14.53,11/May/2022:21:41:23 +0000,GET /blog/tags/puppet?flav=rss20 HTTP/1.1,200,14872,-,UniversalFeedParser/4.2-pre-314-svn +http://feedparser.org/
2.85.194.19,11/May/2022:21:42:06 +0000,GET /blog/tags/xsendevent HTTP/1.1,200,10049,"http://www.google.com/url?sa=t&rct=j&q=&esrc=s&source=web&cd=7&cad=rja&ved=0CFEQFjAG&url=http%3A%2F%2Fwww.semicomplete.com%2Fblog%2Ftags%2Fxsendevent&ei=3IwDU66yO6n40gWamYCwCg&usg=AFQjCNGsfVGmdpJ0neOQ_BwnoBYVoARsYA&bvm=bv.61535280,d.d2k",Mozilla/5.0 (X11; Linux x86_64; rv:27.0) Gecko/20100101 Firefox/27.0
2.85.194.19,11/May/2022:21:42:07 +0000,GET /reset.css HTTP/1.1,200,1015,http://www.semicomplete.com/blog/tags/xsendevent,Mozilla/5.0 (X11; Linux x86_64; rv:27.0) Gecko/20100101 Firefox/27.0
2.85.194.19,11/May/2022:21:42:07 +0000,GET /style2.css HTTP/1.1,200,4877,http://www.semicomplete.com/blog/tags/xsendevent,Mozilla/5.0 (X11; Linux x86_64; rv:27.0) Gecko/20100101 Firefox/27.0
2.85.194.19,11/May/2022:21:42:07 +0000,GET /images/web/2009/banner.png HTTP/1.1,200,52315,http://www.semicomplete.com/style2.css,Mozilla/5.0 (X11; Linux x86_64; rv:27.0) Gecko/20100101 Firefox/27.0
2.85.194.19,11/May/2022:21:42:07 +0000,GET /images/jordan-80.png HTTP/1.1,200,6146,http://www.semicomplete.com/blog/tags/xsendevent,Mozilla/5.0 (X11; Linux x86_64; rv:27.0) Gecko/20100101 Firefox/27.0
178.25.113.137,11/May/2022:21:39:16 +0000,GET /style2.css HTTP/1.1,200,4877,http://www.semicomplete.com/articles/dynamic-dns-with-dhcp/,Mozilla/5.0 (X11; Linux i686 on x86_64; rv:27.0) Gecko/20100101 Firefox/27.0
2.85.194.19,11/May/2022:21:42:08 +0000,GET /favicon.ico HTTP/1.1,200,3638,-,Mozilla/5.0 (X11; Linux x86_64; rv:27.0) Gecko/20100101 Firefox/27.0
2.85.194.19,11/May/2022:21:42:09 +0000,GET /favicon.ico HTTP/1.1,200,3638,-,Mozilla/5.0 (X11; Linux x86_64; rv:27.0) Gecko/20100101 Firefox/27.0
208.91.156.11,11/May/2022:21:42:30 +0000,GET /files/logstash/logstash-1.3.2-monolithic.jar HTTP/1.1,404,324,-,Chef Client/10.18.2 (ruby-1.9.3-p327; ohai-6.16.0; x86_64-linux; +http://opscode.com)
173.192.238.41,11/May/2022:21:42:58 +0000,GET /blog HTTP/1.1,200,37936,-,Mozilla/5.0 (X11; U; Linux x86_64; en-US; rv:1.9.0.19; aggregator:Spinn3r (Spinn3r 3.1); http://spinn3r.com/robot) Gecko/2010040121 Firefox/3.0.19
74.125.176.148,11/May/2022:21:43:23 +0000,GET /?flav=rss20 HTTP/1.1,200,29941,-,FeedBurner/1.0 (http://www.FeedBurner.com)
66.249.73.135,11/May/2022:21:43:53 +0000,GET /blog/tags/firefox?flav=rss20 HTTP/1.1,200,16021,-,Mozilla/5.0 (compatible; Googlebot/2.1; +http://www.google.com/bot.html)
198.46.149.143,11/May/2022:21:44:03 +0000,GET /blog/geekery/solving-good-or-bad-problems.html?utm_source=feedburner&utm_medium=feed&utm_campaign=Feed%3A+semicomplete%2Fmain+%28semicomplete.com+-+Jordan+Sissel%29 HTTP/1.1,200,10756,-,Tiny Tiny RSS/1.11 (http://tt-rss.org/)
198.46.149.143,11/May/2022:21:44:02 +0000,GET /blog/geekery/disabling-battery-in-ubuntu-vms.html?utm_source=feedburner&utm_medium=feed&utm_campaign=Feed%3A+semicomplete%2Fmain+%28semicomplete.com+-+Jordan+Sissel%29 HTTP/1.1,200,9316,-,Tiny Tiny RSS/1.11 (http://tt-rss.org/)
188.40.60.225,11/May/2022:21:43:11 +0000,GET / HTTP/1.1,200,37932,-,Mozilla/5.0 (Windows; U; Windows NT 5.1; en; rv:1.9.1.3) Gecko/20090824 Firefox/3.5.3
66.249.73.135,11/May/2022:21:44:38 +0000,GET /blog/tags/shell?page=2 HTTP/1.1,200,22629,-,"Mozilla/5.0 (iPhone; CPU iPhone OS 6_0 like Mac OS X) AppleWebKit/536.26 (KHTML, like Gecko) Version/6.0 Mobile/10A5376e Safari/8536.25 (compatible; Googlebot/2.1; +http://www.google.com/bot.html)"
88.5.102.7,11/May/2022:21:44:20 +0000,GET /projects/xdotool/xdotool.xhtml HTTP/1.1,200,50112,"http://www.google.es/url?sa=t&rct=j&q=&esrc=s&source=web&cd=1&ved=0CC8QFjAA&url=http%3A%2F%2Fwww.semicomplete.com%2Fprojects%2Fxdotool%2Fxdotool.xhtml&ei=zbwEU8CaHabZ0QX61IHwCA&usg=AFQjCNFwZFAI0RQdN_N0kFH-oj8cLsJRNQ&sig2=gCLvhF7eYmySPaasLc6YQg&bvm=bv.61535280,d.d2k",Mozilla/5.0 (X11; Ubuntu; Linux x86_64; rv:26.0) Gecko/20100101 Firefox/26.0
88.5.102.7,11/May/2022:21:44:20 +0000,GET /favicon.ico HTTP/1.1,200,3638,-,Mozilla/5.0 (X11; Ubuntu; Linux x86_64; rv:26.0) Gecko/20100101 Firefox/26.0
161.162.84.82,11/May/2022:21:44:40 +0000,GET /images/jordan-80.png HTTP/1.1,200,6146,http://www.semicomplete.com/blog/geekery/bypassing-captive-portals.html,Mozilla/4.0 (compatible; MSIE 8.0; Windows NT 6.1; WOW64; Trident/4.0; SLCC2; .NET CLR 2.0.50727; .NET CLR 3.5.30729; .NET CLR 3.0.30729; Media Center PC 6.0; .NET4.0C; InfoPath.3; MS-RTC LM 8; .NET4.0E)
161.162.84.82,11/May/2022:21:44:40 +0000,GET /images/web/2009/banner.png HTTP/1.1,200,52315,http://www.semicomplete.com/blog/geekery/bypassing-captive-portals.html,Mozilla/4.0 (compatible; MSIE 8.0; Windows NT 6.1; WOW64; Trident/4.0; SLCC2; .NET CLR 2.0.50727; .NET CLR 3.5.30729; .NET CLR 3.0.30729; Media Center PC 6.0; .NET4.0C; InfoPath.3; MS-RTC LM 8; .NET4.0E)
161.162.84.82,11/May/2022:21:44:41 +0000,GET /favicon.ico HTTP/1.1,200,3638,-,Mozilla/4.0 (compatible; MSIE 8.0; Windows NT 6.1; WOW64; Trident/4.0; SLCC2; .NET CLR 2.0.50727; .NET CLR 3.5.30729; .NET CLR 3.0.30729; Media Center PC 6.0; .NET4.0C; InfoPath.3; MS-RTC LM 8; .NET4.0E)
161.162.84.82,11/May/2022:21:44:40 +0000,GET /reset.css HTTP/1.1,200,1015,http://www.semicomplete.com/blog/geekery/bypassing-captive-portals.html,Mozilla/4.0 (compatible; MSIE 8.0; Windows NT 6.1; WOW64; Trident/4.0; SLCC2; .NET CLR 2.0.50727; .NET CLR 3.5.30729; .NET CLR 3.0.30729; Media Center PC 6.0; .NET4.0C; InfoPath.3; MS-RTC LM 8; .NET4.0E)
161.162.84.82,11/May/2022:21:44:40 +0000,GET /blog/geekery/bypassing-captive-portals.html HTTP/1.1,200,10613,"http://www.google.com/url?sa=t&rct=j&q=&esrc=s&frm=1&source=web&cd=1&ved=0CCUQFjAA&url=http%3A%2F%2Fwww.semicomplete.com%2Fblog%2Fgeekery%2Fbypassing-captive-portals.html&ei=47wEU5imMdSMkAeE3YHQBg&usg=AFQjCNHqab9HLDpOWYMooTqHEFhOjiV0jg&bvm=bv.61535280,d.eW0",Mozilla/4.0 (compatible; MSIE 8.0; Windows NT 6.1; WOW64; Trident/4.0; SLCC2; .NET CLR 2.0.50727; .NET CLR 3.5.30729; .NET CLR 3.0.30729; Media Center PC 6.0; .NET4.0C; InfoPath.3; MS-RTC LM 8; .NET4.0E)
161.162.84.82,11/May/2022:21:44:40 +0000,GET /style2.css HTTP/1.1,200,4877,http://www.semicomplete.com/blog/geekery/bypassing-captive-portals.html,Mozilla/4.0 (compatible; MSIE 8.0; Windows NT 6.1; WOW64; Trident/4.0; SLCC2; .NET CLR 2.0.50727; .NET CLR 3.5.30729; .NET CLR 3.0.30729; Media Center PC 6.0; .NET4.0C; InfoPath.3; MS-RTC LM 8; .NET4.0E)
180.154.3.68,11/May/2022:21:45:11 +0000,GET /presentations/logstash-puppetconf-2013/ HTTP/1.1,200,11575,-,"Mozilla/5.0 (iPhone; U; CPU iPhone OS 4_0 like Mac OS X; en-us) AppleWebKit/532.9 (KHTML, like Gecko) Version/4.0.5 Mobile/8A293 Safari/6531.22.7"
180.154.3.68,11/May/2022:21:45:11 +0000,GET /presentations/logstash-puppetconf-2013/images/logstash.png HTTP/1.1,200,47731,-,"Mozilla/5.0 (iPhone; U; CPU iPhone OS 4_0 like Mac OS X; en-us) AppleWebKit/532.9 (KHTML, like Gecko) Version/4.0.5 Mobile/8A293 Safari/6531.22.7"
180.154.3.68,11/May/2022:21:45:11 +0000,GET /presentations/logstash-puppetconf-2013/images/wall-of-text.png HTTP/1.1,200,305335,-,"Mozilla/5.0 (iPhone; U; CPU iPhone OS 4_0 like Mac OS X; en-us) AppleWebKit/532.9 (KHTML, like Gecko) Version/4.0.5 Mobile/8A293 Safari/6531.22.7"
180.154.3.68,11/May/2022:21:45:13 +0000,GET /presentations/logstash-puppetconf-2013/images/kibana.png HTTP/1.1,200,7359,-,"Mozilla/5.0 (iPhone; U; CPU iPhone OS 4_0 like Mac OS X; en-us) AppleWebKit/532.9 (KHTML, like Gecko) Version/4.0.5 Mobile/8A293 Safari/6531.22.7"
180.154.3.68,11/May/2022:21:45:13 +0000,GET /presentations/logstash-puppetconf-2013/images/bonsai1.png HTTP/1.1,200,8026,-,"Mozilla/5.0 (iPhone; U; CPU iPhone OS 4_0 like Mac OS X; en-us) AppleWebKit/532.9 (KHTML, like Gecko) Version/4.0.5 Mobile/8A293 Safari/6531.22.7"
180.154.3.68,11/May/2022:21:45:14 +0000,GET /presentations/logstash-puppetconf-2013/images/puppet.svg HTTP/1.1,200,10889,-,"Mozilla/5.0 (iPhone; U; CPU iPhone OS 4_0 like Mac OS X; en-us) AppleWebKit/532.9 (KHTML, like Gecko) Version/4.0.5 Mobile/8A293 Safari/6531.22.7"
180.154.3.68,11/May/2022:21:45:14 +0000,GET /presentations/logstash-puppetconf-2013/images/grokdebug.png HTTP/1.1,200,54819,-,"Mozilla/5.0 (iPhone; U; CPU iPhone OS 4_0 like Mac OS X; en-us) AppleWebKit/532.9 (KHTML, like Gecko) Version/4.0.5 Mobile/8A293 Safari/6531.22.7"
180.154.3.68,11/May/2022:21:45:13 +0000,GET /presentations/logstash-puppetconf-2013/images/kibana3-many-visuals.png HTTP/1.1,200,105668,-,"Mozilla/5.0 (iPhone; U; CPU iPhone OS 4_0 like Mac OS X; en-us) AppleWebKit/532.9 (KHTML, like Gecko) Version/4.0.5 Mobile/8A293 Safari/6531.22.7"
180.154.3.68,11/May/2022:21:45:15 +0000,GET /presentations/logstash-puppetconf-2013/images/grokdebug-discover.jpg HTTP/1.1,200,55965,-,"Mozilla/5.0 (iPhone; U; CPU iPhone OS 4_0 like Mac OS X; en-us) AppleWebKit/532.9 (KHTML, like Gecko) Version/4.0.5 Mobile/8A293 Safari/6531.22.7"
180.154.3.68,11/May/2022:21:45:16 +0000,GET /presentations/logstash-puppetconf-2013/images/grokdebug2.jpg HTTP/1.1,200,75343,-,"Mozilla/5.0 (iPhone; U; CPU iPhone OS 4_0 like Mac OS X; en-us) AppleWebKit/532.9 (KHTML, like Gecko) Version/4.0.5 Mobile/8A293 Safari/6531.22.7"
180.154.3.68,11/May/2022:21:45:15 +0000,GET /presentations/logstash-puppetconf-2013/images/grokdebug-discover2.jpg HTTP/1.1,200,96159,-,"Mozilla/5.0 (iPhone; U; CPU iPhone OS 4_0 like Mac OS X; en-us) AppleWebKit/532.9 (KHTML, like Gecko) Version/4.0.5 Mobile/8A293 Safari/6531.22.7"
180.154.3.68,11/May/2022:21:45:17 +0000,GET /presentations/logstash-puppetconf-2013/css/reveal.min.css HTTP/1.1,200,37456,-,"Mozilla/5.0 (iPhone; U; CPU iPhone OS 4_0 like Mac OS X; en-us) AppleWebKit/532.9 (KHTML, like Gecko) Version/4.0.5 Mobile/8A293 Safari/6531.22.7"
180.154.3.68,11/May/2022:21:45:17 +0000,GET /presentations/logstash-puppetconf-2013/css/theme/jls.css HTTP/1.1,200,34791,-,"Mozilla/5.0 (iPhone; U; CPU iPhone OS 4_0 like Mac OS X; en-us) AppleWebKit/532.9 (KHTML, like Gecko) Version/4.0.5 Mobile/8A293 Safari/6531.22.7"
180.154.3.68,11/May/2022:21:45:19 +0000,GET /presentations/logstash-puppetconf-2013/css/print/ HTTP/1.1,200,1230,-,"Mozilla/5.0 (iPhone; U; CPU iPhone OS 4_0 like Mac OS X; en-us) AppleWebKit/532.9 (KHTML, like Gecko) Version/4.0.5 Mobile/8A293 Safari/6531.22.7"
180.154.3.68,11/May/2022:21:45:19 +0000,GET /presentations/logstash-puppetconf-2013/images/logstash-eyeless.svg HTTP/1.1,200,45664,-,"Mozilla/5.0 (iPhone; U; CPU iPhone OS 4_0 like Mac OS X; en-us) AppleWebKit/532.9 (KHTML, like Gecko) Version/4.0.5 Mobile/8A293 Safari/6531.22.7"
88.5.102.7,11/May/2022:21:45:34 +0000,GET /projects/xdotool/ HTTP/1.1,200,12292,"http://www.google.es/url?sa=t&rct=j&q=&esrc=s&source=web&cd=4&ved=0CE4QFjAD&url=http%3A%2F%2Fwww.semicomplete.com%2Fprojects%2Fxdotool%2F&ei=97wEU5npJMab0wWY_4GIBw&usg=AFQjCNE3V_aCf3-gfNcbS924S6jZ6FqffA&sig2=X6FTm9950Li03eg6SATmqw&bvm=bv.61535280,d.d2k",Mozilla/5.0 (X11; Ubuntu; Linux x86_64; rv:26.0) Gecko/20100101 Firefox/26.0
88.5.102.7,11/May/2022:21:45:34 +0000,GET /reset.css HTTP/1.1,200,1015,http://www.semicomplete.com/projects/xdotool/,Mozilla/5.0 (X11; Ubuntu; Linux x86_64; rv:26.0) Gecko/20100101 Firefox/26.0
88.5.102.7,11/May/2022:21:45:34 +0000,GET /style2.css HTTP/1.1,200,4877,http://www.semicomplete.com/projects/xdotool/,Mozilla/5.0 (X11; Ubuntu; Linux x86_64; rv:26.0) Gecko/20100101 Firefox/26.0
88.5.102.7,11/May/2022:21:45:35 +0000,GET /images/jordan-80.png HTTP/1.1,200,6146,http://www.semicomplete.com/projects/xdotool/,Mozilla/5.0 (X11; Ubuntu; Linux x86_64; rv:26.0) Gecko/20100101 Firefox/26.0
88.5.102.7,11/May/2022:21:45:35 +0000,GET /images/web/2009/banner.png HTTP/1.1,200,52315,http://www.semicomplete.com/style2.css,Mozilla/5.0 (X11; Ubuntu; Linux x86_64; rv:26.0) Gecko/20100101 Firefox/26.0
221.134.101.234,11/May/2022:21:44:38 +0000,GET /files/logstash/logstash-1.1.0-monolithic.jar HTTP/1.1,200,40923996,-,Mozilla/5.0 (X11; Ubuntu; Linux x86_64; rv:28.0) Gecko/20100101 Firefox/28.0
176.33.6.89,11/May/2022:21:45:40 +0000,GET /reset.css HTTP/1.1,200,1015,http://www.semicomplete.com/blog/geekery/ssl-latency.html,"Mozilla/5.0 (Macintosh; Intel Mac OS X 10_9_1) AppleWebKit/537.36 (KHTML, like Gecko) Chrome/32.0.1700.107 Safari/537.36"
176.33.6.89,11/May/2022:21:45:40 +0000,GET /style2.css HTTP/1.1,200,4877,http://www.semicomplete.com/blog/geekery/ssl-latency.html,"Mozilla/5.0 (Macintosh; Intel Mac OS X 10_9_1) AppleWebKit/537.36 (KHTML, like Gecko) Chrome/32.0.1700.107 Safari/537.36"
176.33.6.89,11/May/2022:21:45:40 +0000,GET /images/jordan-80.png HTTP/1.1,200,6146,http://www.semicomplete.com/blog/geekery/ssl-latency.html,"Mozilla/5.0 (Macintosh; Intel Mac OS X 10_9_1) AppleWebKit/537.36 (KHTML, like Gecko) Chrome/32.0.1700.107 Safari/537.36"
176.33.6.89,11/May/2022:21:45:40 +0000,GET /images/web/2009/banner.png HTTP/1.1,200,52315,http://www.semicomplete.com/blog/geekery/ssl-latency.html,"Mozilla/5.0 (Macintosh; Intel Mac OS X 10_9_1) AppleWebKit/537.36 (KHTML, like Gecko) Chrome/32.0.1700.107 Safari/537.36"
176.33.6.89,11/May/2022:21:45:39 +0000,GET /blog/geekery/ssl-latency.html HTTP/1.1,200,17147,https://www.google.com/,"Mozilla/5.0 (Macintosh; Intel Mac OS X 10_9_1) AppleWebKit/537.36 (KHTML, like Gecko) Chrome/32.0.1700.107 Safari/537.36"
176.33.6.89,11/May/2022:21:45:41 +0000,GET /favicon.ico HTTP/1.1,200,3638,-,"Mozilla/5.0 (Macintosh; Intel Mac OS X 10_9_1) AppleWebKit/537.36 (KHTML, like Gecko) Chrome/32.0.1700.107 Safari/537.36"
209.85.238.199,11/May/2022:21:45:44 +0000,GET / HTTP/1.1,200,37932,-,Feedfetcher-Google; (+http://www.google.com/feedfetcher.html; 1 subscribers; feed-id=8003088278248648013)
46.105.14.53,11/May/2022:21:46:23 +0000,GET /blog/tags/puppet?flav=rss20 HTTP/1.1,200,14872,-,UniversalFeedParser/4.2-pre-314-svn +http://feedparser.org/
180.154.3.68,11/May/2022:21:45:11 +0000,GET /presentations/logstash-puppetconf-2013/images/hugops.svg HTTP/1.1,200,9594,-,"Mozilla/5.0 (iPhone; U; CPU iPhone OS 4_0 like Mac OS X; en-us) AppleWebKit/532.9 (KHTML, like Gecko) Version/4.0.5 Mobile/8A293 Safari/6531.22.7"
180.154.3.68,11/May/2022:21:45:12 +0000,GET /presentations/logstash-puppetconf-2013/images/frontend-metrics.jpg HTTP/1.1,200,56380,-,"Mozilla/5.0 (iPhone; U; CPU iPhone OS 4_0 like Mac OS X; en-us) AppleWebKit/532.9 (KHTML, like Gecko) Version/4.0.5 Mobile/8A293 Safari/6531.22.7"
189.2.52.98,11/May/2022:21:47:22 +0000,GET /style2.css HTTP/1.1,200,4877,http://www.semicomplete.com/projects/xdotool/,Mozilla/5.0 (X11; Ubuntu; Linux x86_64; rv:11.0) Gecko/20100101 Firefox/11.0
189.2.52.98,11/May/2022:21:47:22 +0000,GET /images/jordan-80.png HTTP/1.1,200,6146,http://www.semicomplete.com/projects/xdotool/,Mozilla/5.0 (X11; Ubuntu; Linux x86_64; rv:11.0) Gecko/20100101 Firefox/11.0
189.2.52.98,11/May/2022:21:47:21 +0000,GET /projects/xdotool/ HTTP/1.1,200,12292,http://unix.stackexchange.com/questions/14879/how-to-inject-keystrokes-via-a-shell-script,Mozilla/5.0 (X11; Ubuntu; Linux x86_64; rv:11.0) Gecko/20100101 Firefox/11.0
189.2.52.98,11/May/2022:21:47:22 +0000,GET /reset.css HTTP/1.1,200,1015,http://www.semicomplete.com/projects/xdotool/,Mozilla/5.0 (X11; Ubuntu; Linux x86_64; rv:11.0) Gecko/20100101 Firefox/11.0
189.2.52.98,11/May/2022:21:47:22 +0000,GET /favicon.ico HTTP/1.1,200,3638,-,Mozilla/5.0 (X11; Ubuntu; Linux x86_64; rv:11.0) Gecko/20100101 Firefox/11.0
189.2.52.98,11/May/2022:21:47:22 +0000,GET /images/web/2009/banner.png HTTP/1.1,200,52315,http://www.semicomplete.com/style2.css,Mozilla/5.0 (X11; Ubuntu; Linux x86_64; rv:11.0) Gecko/20100101 Firefox/11.0
139.227.58.56,11/May/2022:21:47:57 +0000,GET /blog/geekery/headless-wrapper-for-ephemeral-xservers.html HTTP/1.1,200,11902,http://www.google.com.hk/,Mozilla/5.0 (Windows NT 6.1; rv:27.0) Gecko/20100101 Firefox/27.0
139.227.58.56,11/May/2022:21:48:14 +0000,GET /blog/geekery/xvfb-firefox.html HTTP/1.1,200,10975,http://www.semicomplete.com/blog/geekery/headless-wrapper-for-ephemeral-xservers.html,Mozilla/5.0 (Windows NT 6.1; rv:27.0) Gecko/20100101 Firefox/27.0
66.249.73.135,11/May/2022:21:49:02 +0000,GET /projects/keynav/ HTTP/1.1,200,18985,-,"Mozilla/5.0 (iPhone; CPU iPhone OS 6_0 like Mac OS X) AppleWebKit/536.26 (KHTML, like Gecko) Version/6.0 Mobile/10A5376e Safari/8536.25 (compatible; Googlebot/2.1; +http://www.google.com/bot.html)"
54.241.62.89,11/May/2022:21:48:00 +0000,GET /?flav=atom HTTP/1.1,200,32352,-,"Digg Feed Fetcher 1.0 (Mozilla/5.0 (Macintosh; Intel Mac OS X 10_7_1) AppleWebKit/534.48.3 (KHTML, like Gecko) Version/5.1 Safari/534.48.3)"
184.168.152.65,11/May/2022:21:49:14 +0000,GET /images/googledotcom.png HTTP/1.1,200,65748,-,Mozilla/4.0 (compatible; MSIE 6.0; Windows NT 5.2; SV1; .NET CLR 2.0.50727; InfoPath.1)
66.249.88.135,11/May/2022:21:49:15 +0000,GET / HTTP/1.1,200,37932,-,Mozilla/5.0 (Windows NT 6.1; rv:6.0) Gecko/20110814 Firefox/6.0 Google favicon
66.249.88.135,11/May/2022:21:49:15 +0000,GET /favicon.ico HTTP/1.1,200,3638,-,Mozilla/5.0 (Windows NT 6.1; rv:6.0) Gecko/20110814 Firefox/6.0 Google favicon
123.125.71.91,11/May/2022:21:50:46 +0000,GET / HTTP/1.1,200,37932,-,Mozilla/5.0 (compatible; Baiduspider/2.0; +http://www.baidu.com/search/spider.html)
46.105.14.53,11/May/2022:21:51:19 +0000,GET /blog/tags/puppet?flav=rss20 HTTP/1.1,200,14872,-,UniversalFeedParser/4.2-pre-314-svn +http://feedparser.org/
100.43.83.137,11/May/2022:21:51:38 +0000,GET /blog/tags/logstash HTTP/1.1,200,19007,-,Mozilla/5.0 (compatible; YandexBot/3.0; +http://yandex.com/bots)
134.83.1.244,11/May/2022:21:51:23 +0000,GET /projects/xdotool/xdotool.xhtml HTTP/1.1,200,50112,https://www.google.com/,"Mozilla/5.0 (Windows NT 6.3; WOW64) AppleWebKit/537.36 (KHTML, like Gecko) Chrome/32.0.1700.107 Safari/537.36"
134.83.1.244,11/May/2022:21:51:24 +0000,GET /favicon.ico HTTP/1.1,200,3638,-,"Mozilla/5.0 (Windows NT 6.3; WOW64) AppleWebKit/537.36 (KHTML, like Gecko) Chrome/32.0.1700.107 Safari/537.36"
212.243.55.82,11/May/2022:21:52:10 +0000,GET /images/jordan-80.png HTTP/1.1,200,6146,http://www.semicomplete.com/blog/geekery/puppet-manage-homedirectory-contents.html,"Mozilla/5.0 (Windows NT 6.1; WOW64) AppleWebKit/537.22 (KHTML, like Gecko) Chrome/25.0.1364.97 Safari/537.22"
212.243.55.82,11/May/2022:21:52:10 +0000,GET /images/web/2009/banner.png HTTP/1.1,200,52315,http://www.semicomplete.com/blog/geekery/puppet-manage-homedirectory-contents.html,"Mozilla/5.0 (Windows NT 6.1; WOW64) AppleWebKit/537.22 (KHTML, like Gecko) Chrome/25.0.1364.97 Safari/537.22"
212.243.55.82,11/May/2022:21:52:10 +0000,GET /style2.css HTTP/1.1,200,4877,http://www.semicomplete.com/blog/geekery/puppet-manage-homedirectory-contents.html,"Mozilla/5.0 (Windows NT 6.1; WOW64) AppleWebKit/537.22 (KHTML, like Gecko) Chrome/25.0.1364.97 Safari/537.22"
212.243.55.82,11/May/2022:21:52:11 +0000,GET /favicon.ico HTTP/1.1,200,3638,-,"Mozilla/5.0 (Windows NT 6.1; WOW64) AppleWebKit/537.22 (KHTML, like Gecko) Chrome/25.0.1364.97 Safari/537.22"
212.243.55.82,11/May/2022:21:52:09 +0000,GET /blog/geekery/puppet-manage-homedirectory-contents.html HTTP/1.1,200,10001,https://www.google.com/,"Mozilla/5.0 (Windows NT 6.1; WOW64) AppleWebKit/537.22 (KHTML, like Gecko) Chrome/25.0.1364.97 Safari/537.22"
212.243.55.82,11/May/2022:21:52:10 +0000,GET /reset.css HTTP/1.1,200,1015,http://www.semicomplete.com/blog/geekery/puppet-manage-homedirectory-contents.html,"Mozilla/5.0 (Windows NT 6.1; WOW64) AppleWebKit/537.22 (KHTML, like Gecko) Chrome/25.0.1364.97 Safari/537.22"
66.249.73.135,11/May/2022:21:54:12 +0000,GET /?flav=atom HTTP/1.1,200,32352,-,Mozilla/5.0 (compatible; Googlebot/2.1; +http://www.google.com/bot.html)
183.60.215.50,11/May/2022:21:54:47 +0000,GET /blog/geekery/field-extraction-tool.html HTTP/1.1,200,10056,-,Mozilla/5.0 (compatible; EasouSpider; +http://www.easou.com/search/spider.html)
46.105.14.53,11/May/2022:21:56:18 +0000,GET /blog/tags/puppet?flav=rss20 HTTP/1.1,200,14872,-,UniversalFeedParser/4.2-pre-314-svn +http://feedparser.org/
50.16.19.13,11/May/2022:21:55:21 +0000,GET /blog/tags/puppet?flav=rss20 HTTP/1.1,200,14872,http://www.semicomplete.com/blog/tags/puppet?flav=rss20,Tiny Tiny RSS/1.11 (http://tt-rss.org/)
5.10.83.98,11/May/2022:21:57:06 +0000,GET /blog/tags/travel?page=3 HTTP/1.1,200,22596,-,Mozilla/5.0 (compatible; AhrefsBot/5.0; +http://ahrefs.com/robot/)
141.89.225.130,11/May/2022:21:52:40 +0000,GET /scripts HTTP/1.0,301,330,-,HPI-BI-Crawler/0.1(+http://www.hpi.uni-potsdam.de/meinel/forschung/web_30/blog_intelligence.html)/Nutch-2.0-dev
66.249.73.135,11/May/2022:21:57:12 +0000,GET /articles/openldap-with-saslauthd/ HTTP/1.1,200,12700,-,"Mozilla/5.0 (iPhone; CPU iPhone OS 6_0 like Mac OS X) AppleWebKit/536.26 (KHTML, like Gecko) Version/6.0 Mobile/10A5376e Safari/8536.25 (compatible; Googlebot/2.1; +http://www.google.com/bot.html)"
31.133.11.222,11/May/2022:21:55:21 +0000,GET /blog/articles/week-of-unix-tools/day-3-awk.html HTTP/1.0,200,15457,http://www.semicomplete.com/blog/articles/week-of-unix-tools/day-3-awk.html,"Mozilla/5.0 (Windows NT 6.1; WOW64) AppleWebKit/536.5 (KHTML, like Gecko) YaBrowser/1.1.1084.5409 Chrome/19.1.1084.5409 Safari/536.5"
85.159.97.5,11/May/2022:21:57:25 +0000,GET /reset.css HTTP/1.1,200,1015,http://www.semicomplete.com/articles/dynamic-dns-with-dhcp/,Mozilla/4.0 (compatible; MSIE 8.0; Windows NT 6.1; Trident/4.0; SLCC2; .NET CLR 2.0.50727; .NET CLR 3.5.30729; .NET CLR 3.0.30729; .NET4.0C; .NET4.0E)
85.159.97.5,11/May/2022:21:57:29 +0000,GET /images/web/2009/banner.png HTTP/1.1,200,52315,http://www.semicomplete.com/articles/dynamic-dns-with-dhcp/,Mozilla/4.0 (compatible; MSIE 8.0; Windows NT 6.1; Trident/4.0; SLCC2; .NET CLR 2.0.50727; .NET CLR 3.5.30729; .NET CLR 3.0.30729; .NET4.0C; .NET4.0E)
85.159.97.5,11/May/2022:21:57:30 +0000,GET /favicon.ico HTTP/1.1,200,3638,-,Mozilla/4.0 (compatible; MSIE 8.0; Windows NT 6.1; Trident/4.0; SLCC2; .NET CLR 2.0.50727; .NET CLR 3.5.30729; .NET CLR 3.0.30729; .NET4.0C; .NET4.0E)
85.159.97.5,11/May/2022:21:57:22 +0000,GET /articles/dynamic-dns-with-dhcp/ HTTP/1.1,200,18848,http://www.bing.com/search?q=dhcpd+named+tsig+problem+ubuntu&src=IE-SearchBox&FORM=IE8SRC,Mozilla/4.0 (compatible; MSIE 8.0; Windows NT 6.1; Trident/4.0; SLCC2; .NET CLR 2.0.50727; .NET CLR 3.5.30729; .NET CLR 3.0.30729; .NET4.0C; .NET4.0E)
178.255.215.71,11/May/2022:21:58:07 +0000,GET /blog/tags/defcon HTTP/1.1,200,24142,-,Mozilla/5.0 (compatible; Exabot/3.0; +http://www.exabot.com/go/robot)
189.71.254.128,11/May/2022:21:58:12 +0000,GET /images/selenium-squid-hack_iexplore.png HTTP/1.1,200,151917,-,"Mozilla/5.0 (Windows NT 6.1; WOW64) AppleWebKit/537.36 (KHTML, like Gecko) Chrome/32.0.1700.107 Safari/537.36"
85.159.97.5,11/May/2022:21:57:26 +0000,GET /images/jordan-80.png HTTP/1.1,200,6146,http://www.semicomplete.com/articles/dynamic-dns-with-dhcp/,Mozilla/4.0 (compatible; MSIE 8.0; Windows NT 6.1; Trident/4.0; SLCC2; .NET CLR 2.0.50727; .NET CLR 3.5.30729; .NET CLR 3.0.30729; .NET4.0C; .NET4.0E)
74.125.40.21,11/May/2022:21:59:32 +0000,GET /?flav=rss20 HTTP/1.1,200,29941,-,FeedBurner/1.0 (http://www.FeedBurner.com)
85.159.97.5,11/May/2022:21:57:28 +0000,GET /style2.css HTTP/1.1,200,4877,http://www.semicomplete.com/articles/dynamic-dns-with-dhcp/,Mozilla/4.0 (compatible; MSIE 8.0; Windows NT 6.1; Trident/4.0; SLCC2; .NET CLR 2.0.50727; .NET CLR 3.5.30729; .NET CLR 3.0.30729; .NET4.0C; .NET4.0E)
202.83.106.179,11/May/2022:21:59:50 +0000,GET /articles/dynamic-dns-with-dhcp/ HTTP/1.1,200,18848,https://www.google.com.sg/,"Mozilla/5.0 (Windows NT 6.1; WOW64) AppleWebKit/537.36 (KHTML, like Gecko) Chrome/32.0.1700.107 Safari/537.36"
202.83.106.179,11/May/2022:21:59:50 +0000,GET /reset.css HTTP/1.1,200,1015,http://www.semicomplete.com/articles/dynamic-dns-with-dhcp/,"Mozilla/5.0 (Windows NT 6.1; WOW64) AppleWebKit/537.36 (KHTML, like Gecko) Chrome/32.0.1700.107 Safari/537.36"
202.83.106.179,11/May/2022:21:59:51 +0000,GET /style2.css HTTP/1.1,200,4877,http://www.semicomplete.com/articles/dynamic-dns-with-dhcp/,"Mozilla/5.0 (Windows NT 6.1; WOW64) AppleWebKit/537.36 (KHTML, like Gecko) Chrome/32.0.1700.107 Safari/537.36"
202.83.106.179,11/May/2022:21:59:51 +0000,GET /images/jordan-80.png HTTP/1.1,200,6146,http://www.semicomplete.com/articles/dynamic-dns-with-dhcp/,"Mozilla/5.0 (Windows NT 6.1; WOW64) AppleWebKit/537.36 (KHTML, like Gecko) Chrome/32.0.1700.107 Safari/537.36"
202.83.106.179,11/May/2022:21:59:51 +0000,GET /images/web/2009/banner.png HTTP/1.1,200,52315,http://www.semicomplete.com/articles/dynamic-dns-with-dhcp/,"Mozilla/5.0 (Windows NT 6.1; WOW64) AppleWebKit/537.36 (KHTML, like Gecko) Chrome/32.0.1700.107 Safari/537.36"
202.83.106.179,11/May/2022:21:59:52 +0000,GET /favicon.ico HTTP/1.1,200,3638,-,"Mozilla/5.0 (Windows NT 6.1; WOW64) AppleWebKit/537.36 (KHTML, like Gecko) Chrome/32.0.1700.107 Safari/537.36"
82.225.26.41,11/May/2022:21:59:54 +0000,GET /projects/xdotool/ HTTP/1.1,200,12292,http://www.google.fr/url?sa=t&rct=j&q=&esrc=s&source=web&cd=11&ved=0CCsQFjAAOAo&url=http%3A%2F%2Fwww.semicomplete.com%2Fprojects%2Fxdotool%2F&ei=c8AEU42uDOme0QXa44D4Cg&usg=AFQjCNE3V_aCf3-gfNcbS924S6jZ6FqffA,"Mozilla/5.0 (Macintosh; Intel Mac OS X 10_9_1) AppleWebKit/537.73.11 (KHTML, like Gecko) Version/7.0.1 Safari/537.73.11"
82.225.26.41,11/May/2022:21:59:55 +0000,GET /reset.css HTTP/1.1,200,1015,http://www.semicomplete.com/projects/xdotool/,"Mozilla/5.0 (Macintosh; Intel Mac OS X 10_9_1) AppleWebKit/537.73.11 (KHTML, like Gecko) Version/7.0.1 Safari/537.73.11"
82.225.26.41,11/May/2022:21:59:55 +0000,GET /style2.css HTTP/1.1,200,4877,http://www.semicomplete.com/projects/xdotool/,"Mozilla/5.0 (Macintosh; Intel Mac OS X 10_9_1) AppleWebKit/537.73.11 (KHTML, like Gecko) Version/7.0.1 Safari/537.73.11"
82.225.26.41,11/May/2022:21:59:55 +0000,GET /images/jordan-80.png HTTP/1.1,200,6146,http://www.semicomplete.com/projects/xdotool/,"Mozilla/5.0 (Macintosh; Intel Mac OS X 10_9_1) AppleWebKit/537.73.11 (KHTML, like Gecko) Version/7.0.1 Safari/537.73.11"
82.225.26.41,11/May/2022:21:59:55 +0000,GET /images/web/2009/banner.png HTTP/1.1,200,52315,http://www.semicomplete.com/projects/xdotool/,"Mozilla/5.0 (Macintosh; Intel Mac OS X 10_9_1) AppleWebKit/537.73.11 (KHTML, like Gecko) Version/7.0.1 Safari/537.73.11"
46.105.37.142,11/May/2022:21:58:04 +0000,GET /presentations/vim/ HTTP/1.0,200,20572,http://semicomplete.com/presentations/vim/,"Mozilla/5.0 (Windows NT 6.1) AppleWebKit/535.12 (KHTML, like Gecko) Maxthon/3.0 Chrome/18.0.966.0 Safari/535.12"
195.212.29.186,11/May/2022:22:01:01 +0000,GET /projects/xdotool/ HTTP/1.1,200,12292,http://www.google.com/url?q=http%3A%2F%2Fwww.semicomplete.com%2Fprojects%2Fxdotool%2F&sa=D&sntz=1&usg=AFQjCNFQHZQP8ZGD8uew9LR_NaM7OppNBg,"Mozilla/5.0 (X11; Linux x86_64) AppleWebKit/537.36 (KHTML, like Gecko) Chrome/27.0.1453.110 Safari/537.36"
195.212.29.186,11/May/2022:22:01:02 +0000,GET /favicon.ico HTTP/1.1,200,3638,-,Mozilla/4.0 (compatible;)
195.212.29.186,11/May/2022:22:01:02 +0000,GET /reset.css HTTP/1.1,200,1015,-,Mozilla/4.0 (compatible;)
195.212.29.186,11/May/2022:22:01:02 +0000,GET /images/jordan-80.png HTTP/1.1,200,6146,-,Mozilla/4.0 (compatible;)
195.212.29.186,11/May/2022:22:01:02 +0000,GET /style2.css HTTP/1.1,200,4877,-,Mozilla/4.0 (compatible;)
195.212.29.186,11/May/2022:22:01:02 +0000,GET /images/web/2009/banner.png HTTP/1.1,200,52315,http://www.semicomplete.com/projects/xdotool/,"Mozilla/5.0 (X11; Linux x86_64) AppleWebKit/537.36 (KHTML, like Gecko) Chrome/27.0.1453.110 Safari/537.36"
66.249.73.135,11/May/2022:22:01:10 +0000,GET /blog/geekery/113.html HTTP/1.1,200,13993,-,"Mozilla/5.0 (iPhone; CPU iPhone OS 6_0 like Mac OS X) AppleWebKit/536.26 (KHTML, like Gecko) Version/6.0 Mobile/10A5376e Safari/8536.25 (compatible; Googlebot/2.1; +http://www.google.com/bot.html)"
193.251.60.167,11/May/2022:22:01:15 +0000,GET /projects/xdotool/ HTTP/1.1,200,12292,https://www.google.fr/,"Mozilla/5.0 (Windows NT 6.3; WOW64) AppleWebKit/537.36 (KHTML, like Gecko) Chrome/32.0.1700.107 Safari/537.36"
193.251.60.167,11/May/2022:22:01:16 +0000,GET /reset.css HTTP/1.1,200,1015,http://www.semicomplete.com/projects/xdotool/,"Mozilla/5.0 (Windows NT 6.3; WOW64) AppleWebKit/537.36 (KHTML, like Gecko) Chrome/32.0.1700.107 Safari/537.36"
186.231.123.210,11/May/2022:21:24:20 +0000,GET /presentations/logstash-scale11x/lib/js/head.min.js HTTP/1.1,200,3170,http://semicomplete.com/presentations/logstash-scale11x/,"Mozilla/5.0 (Macintosh; Intel Mac OS X 10_9_0) AppleWebKit/537.36 (KHTML, like Gecko) Chrome/32.0.1700.102 Safari/537.36"
186.231.123.210,11/May/2022:21:24:20 +0000,GET /presentations/logstash-scale11x/js/reveal.min.js HTTP/1.1,200,18091,http://semicomplete.com/presentations/logstash-scale11x/,"Mozilla/5.0 (Macintosh; Intel Mac OS X 10_9_0) AppleWebKit/537.36 (KHTML, like Gecko) Chrome/32.0.1700.102 Safari/537.36"
186.231.123.210,11/May/2022:21:24:20 +0000,GET /presentations/logstash-scale11x/css/fonts/cJZKeOuBrn4kERxqtaUH3aCWcynf_cDxXwCLxiixG1c.ttf HTTP/1.1,200,36492,http://semicomplete.com/presentations/logstash-scale11x/,"Mozilla/5.0 (Macintosh; Intel Mac OS X 10_9_0) AppleWebKit/537.36 (KHTML, like Gecko) Chrome/32.0.1700.102 Safari/537.36"
186.231.123.210,11/May/2022:21:24:20 +0000,GET /presentations/logstash-scale11x/css/fonts/xjAJXh38I15wypJXxuGMBp0EAVxt0G0biEntp43Qt6E.ttf HTTP/1.1,200,34416,http://semicomplete.com/presentations/logstash-scale11x/,"Mozilla/5.0 (Macintosh; Intel Mac OS X 10_9_0) AppleWebKit/537.36 (KHTML, like Gecko) Chrome/32.0.1700.102 Safari/537.36"
186.231.123.210,11/May/2022:21:24:20 +0000,GET /presentations/logstash-scale11x/images/nagios-sms1.png HTTP/1.1,200,55478,http://semicomplete.com/presentations/logstash-scale11x/,"Mozilla/5.0 (Macintosh; Intel Mac OS X 10_9_0) AppleWebKit/537.36 (KHTML, like Gecko) Chrome/32.0.1700.102 Safari/537.36"
186.231.123.210,11/May/2022:21:24:20 +0000,GET /presentations/logstash-scale11x/images/alarm-clock.jpg HTTP/1.1,200,10645,http://semicomplete.com/presentations/logstash-scale11x/,"Mozilla/5.0 (Macintosh; Intel Mac OS X 10_9_0) AppleWebKit/537.36 (KHTML, like Gecko) Chrome/32.0.1700.102 Safari/537.36"
186.231.123.210,11/May/2022:21:24:20 +0000,GET /presentations/logstash-scale11x/images/nagios-sms2.png HTTP/1.1,200,60656,http://semicomplete.com/presentations/logstash-scale11x/,"Mozilla/5.0 (Macintosh; Intel Mac OS X 10_9_0) AppleWebKit/537.36 (KHTML, like Gecko) Chrome/32.0.1700.102 Safari/537.36"
186.231.123.210,11/May/2022:21:24:20 +0000,GET /presentations/logstash-scale11x/plugin/markdown/showdown.js HTTP/1.1,200,9904,http://semicomplete.com/presentations/logstash-scale11x/,"Mozilla/5.0 (Macintosh; Intel Mac OS X 10_9_0) AppleWebKit/537.36 (KHTML, like Gecko) Chrome/32.0.1700.102 Safari/537.36"
186.231.123.210,11/May/2022:21:24:21 +0000,GET /presentations/logstash-scale11x/plugin/markdown/markdown.js HTTP/1.1,200,1187,http://semicomplete.com/presentations/logstash-scale11x/,"Mozilla/5.0 (Macintosh; Intel Mac OS X 10_9_0) AppleWebKit/537.36 (KHTML, like Gecko) Chrome/32.0.1700.102 Safari/537.36"
186.231.123.210,11/May/2022:21:24:21 +0000,GET /presentations/logstash-scale11x/images/nagios-sms3.png HTTP/1.1,200,65917,http://semicomplete.com/presentations/logstash-scale11x/,"Mozilla/5.0 (Macintosh; Intel Mac OS X 10_9_0) AppleWebKit/537.36 (KHTML, like Gecko) Chrome/32.0.1700.102 Safari/537.36"
186.231.123.210,11/May/2022:21:24:21 +0000,GET /presentations/logstash-scale11x/images/nagios-sms4.png HTTP/1.1,200,72949,http://semicomplete.com/presentations/logstash-scale11x/,"Mozilla/5.0 (Macintosh; Intel Mac OS X 10_9_0) AppleWebKit/537.36 (KHTML, like Gecko) Chrome/32.0.1700.102 Safari/537.36"
186.231.123.210,11/May/2022:21:24:21 +0000,GET /presentations/logstash-scale11x/plugin/highlight/highlight.js HTTP/1.1,200,26185,http://semicomplete.com/presentations/logstash-scale11x/,"Mozilla/5.0 (Macintosh; Intel Mac OS X 10_9_0) AppleWebKit/537.36 (KHTML, like Gecko) Chrome/32.0.1700.102 Safari/537.36"
186.231.123.210,11/May/2022:21:24:21 +0000,GET /presentations/logstash-scale11x/plugin/zoom-js/zoom.js HTTP/1.1,200,7697,http://semicomplete.com/presentations/logstash-scale11x/,"Mozilla/5.0 (Macintosh; Intel Mac OS X 10_9_0) AppleWebKit/537.36 (KHTML, like Gecko) Chrome/32.0.1700.102 Safari/537.36"
39.45.55.13,11/May/2022:21:20:30 +0000,GET /images/googledotcom.png HTTP/1.1,200,65748,https://www.google.com.pk/,"Mozilla/5.0 (iPhone; CPU iPhone OS 6_0_1 like Mac OS X) AppleWebKit/536.26 (KHTML, like Gecko) Version/6.0 Mobile/10A523 Safari/8536.25"
186.231.123.210,11/May/2022:21:24:22 +0000,GET /presentations/logstash-scale11x/css/fonts/Roboto-Bold.ttf HTTP/1.1,200,38720,http://semicomplete.com/presentations/logstash-scale11x/,"Mozilla/5.0 (Macintosh; Intel Mac OS X 10_9_0) AppleWebKit/537.36 (KHTML, like Gecko) Chrome/32.0.1700.102 Safari/537.36"
186.231.123.210,11/May/2022:21:24:21 +0000,GET /presentations/logstash-scale11x/plugin/notes/notes.js HTTP/1.1,200,2892,http://semicomplete.com/presentations/logstash-scale11x/,"Mozilla/5.0 (Macintosh; Intel Mac OS X 10_9_0) AppleWebKit/537.36 (KHTML, like Gecko) Chrome/32.0.1700.102 Safari/537.36"
186.231.123.210,11/May/2022:21:24:22 +0000,GET /presentations/logstash-scale11x/images/nagios-sms5.png HTTP/1.1,200,78075,http://semicomplete.com/presentations/logstash-scale11x/,"Mozilla/5.0 (Macintosh; Intel Mac OS X 10_9_0) AppleWebKit/537.36 (KHTML, like Gecko) Chrome/32.0.1700.102 Safari/537.36"
59.88.245.84,11/May/2022:21:22:24 +0000,GET /images/googledotcom.png HTTP/1.1,200,65748,https://www.google.co.in/,"Mozilla/5.0 (Linux; Android 4.2.1; Micromax A110Q Build/JOP40D) AppleWebKit/537.22 (KHTML, like Gecko) Chrome/25.0.1364.123 Mobile Safari/537.22"
186.231.123.210,11/May/2022:21:24:22 +0000,GET /presentations/logstash-scale11x/css/fonts/Roboto-Regular.ttf HTTP/1.1,200,41820,http://semicomplete.com/presentations/logstash-scale11x/,"Mozilla/5.0 (Macintosh; Intel Mac OS X 10_9_0) AppleWebKit/537.36 (KHTML, like Gecko) Chrome/32.0.1700.102 Safari/537.36"
186.231.123.210,11/May/2022:21:24:22 +0000,GET /presentations/logstash-scale11x/images/nagios-sms6.png HTTP/1.1,200,82859,http://semicomplete.com/presentations/logstash-scale11x/,"Mozilla/5.0 (Macintosh; Intel Mac OS X 10_9_0) AppleWebKit/537.36 (KHTML, like Gecko) Chrome/32.0.1700.102 Safari/537.36"
186.231.123.210,11/May/2022:21:24:22 +0000,GET /presentations/logstash-scale11x/images/ahhh___rage_face_by_samusmmx-d5g5zap.png HTTP/1.1,200,175208,http://semicomplete.com/presentations/logstash-scale11x/,"Mozilla/5.0 (Macintosh; Intel Mac OS X 10_9_0) AppleWebKit/537.36 (KHTML, like Gecko) Chrome/32.0.1700.102 Safari/537.36"
186.231.123.210,11/May/2022:21:24:23 +0000,GET /presentations/logstash-scale11x/images/frontend-response-codes.png HTTP/1.1,200,52878,http://semicomplete.com/presentations/logstash-scale11x/,"Mozilla/5.0 (Macintosh; Intel Mac OS X 10_9_0) AppleWebKit/537.36 (KHTML, like Gecko) Chrome/32.0.1700.102 Safari/537.36"
66.249.73.135,11/May/2022:21:24:24 +0000,GET /blog/tags/deb HTTP/1.1,200,11275,-,"Mozilla/5.0 (iPhone; CPU iPhone OS 6_0 like Mac OS X) AppleWebKit/536.26 (KHTML, like Gecko) Version/6.0 Mobile/10A5376e Safari/8536.25 (compatible; Googlebot/2.1; +http://www.google.com/bot.html)"
186.231.123.210,11/May/2022:21:24:22 +0000,GET /presentations/logstash-scale11x/images/xkcd-perl.png HTTP/1.1,200,80663,http://semicomplete.com/presentations/logstash-scale11x/,"Mozilla/5.0 (Macintosh; Intel Mac OS X 10_9_0) AppleWebKit/537.36 (KHTML, like Gecko) Chrome/32.0.1700.102 Safari/537.36"
186.231.123.210,11/May/2022:21:24:25 +0000,GET /presentations/logstash-scale11x/images/Dreamhost_logo.svg HTTP/1.1,200,2126,http://semicomplete.com/presentations/logstash-scale11x/,"Mozilla/5.0 (Macintosh; Intel Mac OS X 10_9_0) AppleWebKit/537.36 (KHTML, like Gecko) Chrome/32.0.1700.102 Safari/537.36"
